--
-- PostgreSQL database dump
--

-- Dumped from database version 16.0 (Debian 16.0-1.pgdg120+1)
-- Dumped by pg_dump version 16.0 (Debian 16.0-1.pgdg120+1)
--CREATE DATABASE tours;
--ALTER DATABASE tours OWNER TO postgres;

-- Create explorer database
--CREATE DATABASE explorer;
--ALTER DATABASE explorer OWNER TO postgres;

SET statement_timeout = 0;
SET lock_timeout = 0;
SET idle_in_transaction_session_timeout = 0;
SET client_encoding = 'UTF8';
SET standard_conforming_strings = on;
SELECT pg_catalog.set_config('search_path', '', false);
SET check_function_bodies = false;
SET xmloption = content;
SET client_min_messages = warning;
SET row_security = off;

--
-- Name: blog; Type: SCHEMA; Schema: -; Owner: postgres
--

CREATE SCHEMA blog;


ALTER SCHEMA blog OWNER TO postgres;

--
-- Name: encounters; Type: SCHEMA; Schema: -; Owner: postgres
--

CREATE SCHEMA encounters;


ALTER SCHEMA encounters OWNER TO postgres;

--
-- Name: payments; Type: SCHEMA; Schema: -; Owner: postgres
--

CREATE SCHEMA payments;


ALTER SCHEMA payments OWNER TO postgres;

--
-- Name: stakeholders; Type: SCHEMA; Schema: -; Owner: postgres
--

CREATE SCHEMA stakeholders;


ALTER SCHEMA stakeholders OWNER TO postgres;

--
-- Name: tours; Type: SCHEMA; Schema: -; Owner: postgres
--

CREATE SCHEMA tours;


ALTER SCHEMA tours OWNER TO postgres;

SET default_tablespace = '';

SET default_table_access_method = heap;

--
-- Name: BlogComments; Type: TABLE; Schema: blog; Owner: postgres
--

CREATE TABLE blog."BlogComments" (
    "Id" bigint NOT NULL,
    "BlogId" integer NOT NULL,
    "Comment" text NOT NULL,
    "PostTime" timestamp with time zone NOT NULL,
    "LastEditTime" timestamp with time zone NOT NULL,
    "IsDeleted" boolean NOT NULL,
    "UserId" bigint DEFAULT 0 NOT NULL
);


ALTER TABLE blog."BlogComments" OWNER TO postgres;

--
-- Name: BlogRatings; Type: TABLE; Schema: blog; Owner: postgres
--

CREATE TABLE blog."BlogRatings" (
    "Rating" integer NOT NULL
);


ALTER TABLE blog."BlogRatings" OWNER TO postgres;

--
-- Name: BlogStatuses; Type: TABLE; Schema: blog; Owner: postgres
--

CREATE TABLE blog."BlogStatuses" (
    "Id" bigint NOT NULL,
    "BlogId" bigint NOT NULL,
    "Name" text NOT NULL
);


ALTER TABLE blog."BlogStatuses" OWNER TO postgres;

--
-- Name: BlogStatuses_Id_seq; Type: SEQUENCE; Schema: blog; Owner: postgres
--

ALTER TABLE blog."BlogStatuses" ALTER COLUMN "Id" ADD GENERATED BY DEFAULT AS IDENTITY (
    SEQUENCE NAME blog."BlogStatuses_Id_seq"
    START WITH 1
    INCREMENT BY 1
    NO MINVALUE
    NO MAXVALUE
    CACHE 1
);


--
-- Name: Blogs; Type: TABLE; Schema: blog; Owner: postgres
--

CREATE TABLE blog."Blogs" (
    "Id" bigint NOT NULL,
    "CreatorId" integer NOT NULL,
    "Title" text NOT NULL,
    "Description" text NOT NULL,
    "SystemStatus" integer NOT NULL,
    "CreationDate" date NOT NULL,
    "ImageLinks" text[],
    "BlogRatings" jsonb
);


ALTER TABLE blog."Blogs" OWNER TO postgres;

--
-- Name: Blogs_Id_seq; Type: SEQUENCE; Schema: blog; Owner: postgres
--

ALTER TABLE blog."Blogs" ALTER COLUMN "Id" ADD GENERATED BY DEFAULT AS IDENTITY (
    SEQUENCE NAME blog."Blogs_Id_seq"
    START WITH 1
    INCREMENT BY 1
    NO MINVALUE
    NO MAXVALUE
    CACHE 1
);


--
-- Name: ForumComments_Id_seq; Type: SEQUENCE; Schema: blog; Owner: postgres
--

ALTER TABLE blog."BlogComments" ALTER COLUMN "Id" ADD GENERATED BY DEFAULT AS IDENTITY (
    SEQUENCE NAME blog."ForumComments_Id_seq"
    START WITH 1
    INCREMENT BY 1
    NO MINVALUE
    NO MAXVALUE
    CACHE 1
);


--
-- Name: __EFMigrationsHistory; Type: TABLE; Schema: blog; Owner: postgres
--

CREATE TABLE blog."__EFMigrationsHistory" (
    "MigrationId" character varying(150) NOT NULL,
    "ProductVersion" character varying(32) NOT NULL
);


ALTER TABLE blog."__EFMigrationsHistory" OWNER TO postgres;

--
-- Name: EncounterCompletions; Type: TABLE; Schema: encounters; Owner: postgres
--

CREATE TABLE encounters."EncounterCompletions" (
    "Id" bigint NOT NULL,
    "UserId" bigint NOT NULL,
    "LastUpdatedAt" timestamp with time zone NOT NULL,
    "EncounterId" bigint NOT NULL,
    "Xp" integer NOT NULL,
    "Status" integer NOT NULL
);


ALTER TABLE encounters."EncounterCompletions" OWNER TO postgres;

--
-- Name: EncounterCompletions_Id_seq; Type: SEQUENCE; Schema: encounters; Owner: postgres
--

ALTER TABLE encounters."EncounterCompletions" ALTER COLUMN "Id" ADD GENERATED BY DEFAULT AS IDENTITY (
    SEQUENCE NAME encounters."EncounterCompletions_Id_seq"
    START WITH 1
    INCREMENT BY 1
    NO MINVALUE
    NO MAXVALUE
    CACHE 1
);


--
-- Name: Encounters; Type: TABLE; Schema: encounters; Owner: postgres
--

CREATE TABLE encounters."Encounters" (
    "Id" bigint NOT NULL,
    "UserId" integer NOT NULL,
    "Name" text NOT NULL,
    "Description" text NOT NULL,
    "Latitude" double precision NOT NULL,
    "Longitude" double precision NOT NULL,
    "Xp" integer NOT NULL,
    "Status" integer NOT NULL,
    "Type" integer NOT NULL,
    "Range" double precision NOT NULL,
    "Image" text,
    "PeopleCount" integer,
    "ApprovalStatus" integer DEFAULT 0 NOT NULL,
    "ImageLatitude" double precision,
    "ImageLongitude" double precision
);


ALTER TABLE encounters."Encounters" OWNER TO postgres;

--
-- Name: Encounters_Id_seq; Type: SEQUENCE; Schema: encounters; Owner: postgres
--

ALTER TABLE encounters."Encounters" ALTER COLUMN "Id" ADD GENERATED BY DEFAULT AS IDENTITY (
    SEQUENCE NAME encounters."Encounters_Id_seq"
    START WITH 1
    INCREMENT BY 1
    NO MINVALUE
    NO MAXVALUE
    CACHE 1
);


--
-- Name: KeypointEncounters; Type: TABLE; Schema: encounters; Owner: postgres
--

CREATE TABLE encounters."KeypointEncounters" (
    "Id" bigint NOT NULL,
    "EncounterId" bigint NOT NULL,
    "KeyPointId" bigint NOT NULL,
    "IsRequired" boolean NOT NULL
);


ALTER TABLE encounters."KeypointEncounters" OWNER TO postgres;

--
-- Name: KeypointEncounters_Id_seq; Type: SEQUENCE; Schema: encounters; Owner: postgres
--

ALTER TABLE encounters."KeypointEncounters" ALTER COLUMN "Id" ADD GENERATED BY DEFAULT AS IDENTITY (
    SEQUENCE NAME encounters."KeypointEncounters_Id_seq"
    START WITH 1
    INCREMENT BY 1
    NO MINVALUE
    NO MAXVALUE
    CACHE 1
);


--
-- Name: __EFMigrationsHistory; Type: TABLE; Schema: encounters; Owner: postgres
--

CREATE TABLE encounters."__EFMigrationsHistory" (
    "MigrationId" character varying(150) NOT NULL,
    "ProductVersion" character varying(32) NOT NULL
);


ALTER TABLE encounters."__EFMigrationsHistory" OWNER TO postgres;

--
-- Name: BundlePrices; Type: TABLE; Schema: payments; Owner: postgres
--

CREATE TABLE payments."BundlePrices" (
    "Id" bigint NOT NULL,
    "BundleId" bigint NOT NULL,
    "TotalPrice" double precision NOT NULL
);


ALTER TABLE payments."BundlePrices" OWNER TO postgres;

--
-- Name: BundlePrices_Id_seq; Type: SEQUENCE; Schema: payments; Owner: postgres
--

ALTER TABLE payments."BundlePrices" ALTER COLUMN "Id" ADD GENERATED BY DEFAULT AS IDENTITY (
    SEQUENCE NAME payments."BundlePrices_Id_seq"
    START WITH 1
    INCREMENT BY 1
    NO MINVALUE
    NO MAXVALUE
    CACHE 1
);


--
-- Name: Coupons; Type: TABLE; Schema: payments; Owner: postgres
--

CREATE TABLE payments."Coupons" (
    "Id" bigint NOT NULL,
    "Code" text NOT NULL,
    "Discount" double precision NOT NULL,
    "TourId" integer,
    "TouristId" integer NOT NULL,
    "AuthorId" integer NOT NULL,
    "ExpiryDate" date NOT NULL
);


ALTER TABLE payments."Coupons" OWNER TO postgres;

--
-- Name: Coupons_Id_seq; Type: SEQUENCE; Schema: payments; Owner: postgres
--

ALTER TABLE payments."Coupons" ALTER COLUMN "Id" ADD GENERATED BY DEFAULT AS IDENTITY (
    SEQUENCE NAME payments."Coupons_Id_seq"
    START WITH 1
    INCREMENT BY 1
    NO MINVALUE
    NO MAXVALUE
    CACHE 1
);


--
-- Name: Discounts; Type: TABLE; Schema: payments; Owner: postgres
--

CREATE TABLE payments."Discounts" (
    "Id" bigint NOT NULL,
    "StartDate" date NOT NULL,
    "EndDate" date NOT NULL,
    "Percentage" double precision NOT NULL,
    "UserId" integer NOT NULL
);


ALTER TABLE payments."Discounts" OWNER TO postgres;

--
-- Name: Discounts_Id_seq; Type: SEQUENCE; Schema: payments; Owner: postgres
--

ALTER TABLE payments."Discounts" ALTER COLUMN "Id" ADD GENERATED BY DEFAULT AS IDENTITY (
    SEQUENCE NAME payments."Discounts_Id_seq"
    START WITH 1
    INCREMENT BY 1
    NO MINVALUE
    NO MAXVALUE
    CACHE 1
);


--
-- Name: OrderItems; Type: TABLE; Schema: payments; Owner: postgres
--

CREATE TABLE payments."OrderItems" (
    "Id" bigint NOT NULL,
    "TourId" integer NOT NULL,
    "UserId" integer NOT NULL,
    "TourName" text NOT NULL,
    "TourDescription" text NOT NULL,
    "TourPrice" double precision NOT NULL
);


ALTER TABLE payments."OrderItems" OWNER TO postgres;

--
-- Name: OrderItems_Id_seq; Type: SEQUENCE; Schema: payments; Owner: postgres
--

ALTER TABLE payments."OrderItems" ALTER COLUMN "Id" ADD GENERATED BY DEFAULT AS IDENTITY (
    SEQUENCE NAME payments."OrderItems_Id_seq"
    START WITH 1
    INCREMENT BY 1
    NO MINVALUE
    NO MAXVALUE
    CACHE 1
);


--
-- Name: PaymentRecords; Type: TABLE; Schema: payments; Owner: postgres
--

CREATE TABLE payments."PaymentRecords" (
    "Id" bigint NOT NULL,
    "TourId" integer NOT NULL,
    "UserId" integer NOT NULL,
    "TourPrice" double precision NOT NULL,
    "PaymentTime" timestamp with time zone NOT NULL
);


ALTER TABLE payments."PaymentRecords" OWNER TO postgres;

--
-- Name: PaymentRecords_Id_seq; Type: SEQUENCE; Schema: payments; Owner: postgres
--

ALTER TABLE payments."PaymentRecords" ALTER COLUMN "Id" ADD GENERATED BY DEFAULT AS IDENTITY (
    SEQUENCE NAME payments."PaymentRecords_Id_seq"
    START WITH 1
    INCREMENT BY 1
    NO MINVALUE
    NO MAXVALUE
    CACHE 1
);


--
-- Name: ShoppingCarts; Type: TABLE; Schema: payments; Owner: postgres
--

CREATE TABLE payments."ShoppingCarts" (
    "Id" bigint NOT NULL,
    "UserId" integer NOT NULL,
    "OrdersId" integer[] NOT NULL,
    "Price" double precision NOT NULL
);


ALTER TABLE payments."ShoppingCarts" OWNER TO postgres;

--
-- Name: ShoppingCarts_Id_seq; Type: SEQUENCE; Schema: payments; Owner: postgres
--

ALTER TABLE payments."ShoppingCarts" ALTER COLUMN "Id" ADD GENERATED BY DEFAULT AS IDENTITY (
    SEQUENCE NAME payments."ShoppingCarts_Id_seq"
    START WITH 1
    INCREMENT BY 1
    NO MINVALUE
    NO MAXVALUE
    CACHE 1
);


--
-- Name: TourDiscounts; Type: TABLE; Schema: payments; Owner: postgres
--

CREATE TABLE payments."TourDiscounts" (
    "DiscountId" bigint NOT NULL,
    "TourId" integer NOT NULL,
    "Id" bigint NOT NULL
);


ALTER TABLE payments."TourDiscounts" OWNER TO postgres;

--
-- Name: TourPurchaseTokens; Type: TABLE; Schema: payments; Owner: postgres
--

CREATE TABLE payments."TourPurchaseTokens" (
    "Id" bigint NOT NULL,
    "TourId" integer NOT NULL,
    "TouristId" integer NOT NULL
);


ALTER TABLE payments."TourPurchaseTokens" OWNER TO postgres;

--
-- Name: TourPurchaseTokens_Id_seq; Type: SEQUENCE; Schema: payments; Owner: postgres
--

ALTER TABLE payments."TourPurchaseTokens" ALTER COLUMN "Id" ADD GENERATED BY DEFAULT AS IDENTITY (
    SEQUENCE NAME payments."TourPurchaseTokens_Id_seq"
    START WITH 1
    INCREMENT BY 1
    NO MINVALUE
    NO MAXVALUE
    CACHE 1
);


--
-- Name: Wallets; Type: TABLE; Schema: payments; Owner: postgres
--

CREATE TABLE payments."Wallets" (
    "Id" bigint NOT NULL,
    "UserId" integer NOT NULL,
    "AdventureCoins" double precision NOT NULL
);


ALTER TABLE payments."Wallets" OWNER TO postgres;

--
-- Name: Wallets_Id_seq; Type: SEQUENCE; Schema: payments; Owner: postgres
--

ALTER TABLE payments."Wallets" ALTER COLUMN "Id" ADD GENERATED BY DEFAULT AS IDENTITY (
    SEQUENCE NAME payments."Wallets_Id_seq"
    START WITH 1
    INCREMENT BY 1
    NO MINVALUE
    NO MAXVALUE
    CACHE 1
);


--
-- Name: WishListItems; Type: TABLE; Schema: payments; Owner: postgres
--

CREATE TABLE payments."WishListItems" (
    "Id" bigint NOT NULL,
    "TourId" integer NOT NULL,
    "UserId" integer NOT NULL,
    "TourName" text NOT NULL,
    "TourDescription" text NOT NULL,
    "TourPrice" double precision NOT NULL,
    "TourType" text NOT NULL,
    "TourDifficulty" text NOT NULL,
    "TravelDistance" double precision NOT NULL,
    "TourDuration" integer NOT NULL
);


ALTER TABLE payments."WishListItems" OWNER TO postgres;

--
-- Name: WishListItems_Id_seq; Type: SEQUENCE; Schema: payments; Owner: postgres
--

ALTER TABLE payments."WishListItems" ALTER COLUMN "Id" ADD GENERATED BY DEFAULT AS IDENTITY (
    SEQUENCE NAME payments."WishListItems_Id_seq"
    START WITH 1
    INCREMENT BY 1
    NO MINVALUE
    NO MAXVALUE
    CACHE 1
);


--
-- Name: WishLists; Type: TABLE; Schema: payments; Owner: postgres
--

CREATE TABLE payments."WishLists" (
    "Id" bigint NOT NULL,
    "UserId" integer NOT NULL,
    "WishListItemsId" integer[] NOT NULL
);


ALTER TABLE payments."WishLists" OWNER TO postgres;

--
-- Name: WishLists_Id_seq; Type: SEQUENCE; Schema: payments; Owner: postgres
--

ALTER TABLE payments."WishLists" ALTER COLUMN "Id" ADD GENERATED BY DEFAULT AS IDENTITY (
    SEQUENCE NAME payments."WishLists_Id_seq"
    START WITH 1
    INCREMENT BY 1
    NO MINVALUE
    NO MAXVALUE
    CACHE 1
);


--
-- Name: __EFMigrationsHistory; Type: TABLE; Schema: payments; Owner: postgres
--

CREATE TABLE payments."__EFMigrationsHistory" (
    "MigrationId" character varying(150) NOT NULL,
    "ProductVersion" character varying(32) NOT NULL
);


ALTER TABLE payments."__EFMigrationsHistory" OWNER TO postgres;

--
-- Name: AchievementClub; Type: TABLE; Schema: stakeholders; Owner: postgres
--

CREATE TABLE stakeholders."AchievementClub" (
    "AchievementsId" bigint NOT NULL,
    "ClubId" bigint NOT NULL
);


ALTER TABLE stakeholders."AchievementClub" OWNER TO postgres;

--
-- Name: Achievements; Type: TABLE; Schema: stakeholders; Owner: postgres
--

CREATE TABLE stakeholders."Achievements" (
    "Id" bigint NOT NULL,
    "Name" text NOT NULL,
    "Description" text NOT NULL,
    "Type" integer NOT NULL
);


ALTER TABLE stakeholders."Achievements" OWNER TO postgres;

--
-- Name: Achievements_Id_seq; Type: SEQUENCE; Schema: stakeholders; Owner: postgres
--

ALTER TABLE stakeholders."Achievements" ALTER COLUMN "Id" ADD GENERATED BY DEFAULT AS IDENTITY (
    SEQUENCE NAME stakeholders."Achievements_Id_seq"
    START WITH 1
    INCREMENT BY 1
    NO MINVALUE
    NO MAXVALUE
    CACHE 1
);


--
-- Name: ApplicationRatings; Type: TABLE; Schema: stakeholders; Owner: postgres
--

CREATE TABLE stakeholders."ApplicationRatings" (
    "Id" bigint NOT NULL,
    "Rating" integer NOT NULL,
    "Comment" text NOT NULL,
    "UserId" integer NOT NULL,
    "LastModified" timestamp with time zone NOT NULL,
    "IsRated" boolean NOT NULL
);


ALTER TABLE stakeholders."ApplicationRatings" OWNER TO postgres;

--
-- Name: ApplicationRatings_Id_seq; Type: SEQUENCE; Schema: stakeholders; Owner: postgres
--

ALTER TABLE stakeholders."ApplicationRatings" ALTER COLUMN "Id" ADD GENERATED BY DEFAULT AS IDENTITY (
    SEQUENCE NAME stakeholders."ApplicationRatings_Id_seq"
    START WITH 1
    INCREMENT BY 1
    NO MINVALUE
    NO MAXVALUE
    CACHE 1
);


--
-- Name: ChatMessages; Type: TABLE; Schema: stakeholders; Owner: postgres
--

CREATE TABLE stakeholders."ChatMessages" (
    "Id" bigint NOT NULL,
    "SenderId" bigint NOT NULL,
    "ReceiverId" bigint NOT NULL,
    "Content" text NOT NULL,
    "CreationDateTime" timestamp with time zone NOT NULL,
    "IsRead" boolean NOT NULL
);


ALTER TABLE stakeholders."ChatMessages" OWNER TO postgres;

--
-- Name: ChatMessages_Id_seq; Type: SEQUENCE; Schema: stakeholders; Owner: postgres
--

ALTER TABLE stakeholders."ChatMessages" ALTER COLUMN "Id" ADD GENERATED BY DEFAULT AS IDENTITY (
    SEQUENCE NAME stakeholders."ChatMessages_Id_seq"
    START WITH 1
    INCREMENT BY 1
    NO MINVALUE
    NO MAXVALUE
    CACHE 1
);


--
-- Name: ClubChallengeRequests; Type: TABLE; Schema: stakeholders; Owner: postgres
--

CREATE TABLE stakeholders."ClubChallengeRequests" (
    "Id" bigint NOT NULL,
    "ChallengerId" bigint NOT NULL,
    "ChallengedId" bigint NOT NULL,
    "Status" integer NOT NULL
);


ALTER TABLE stakeholders."ClubChallengeRequests" OWNER TO postgres;

--
-- Name: ClubChallengeRequests_Id_seq; Type: SEQUENCE; Schema: stakeholders; Owner: postgres
--

ALTER TABLE stakeholders."ClubChallengeRequests" ALTER COLUMN "Id" ADD GENERATED BY DEFAULT AS IDENTITY (
    SEQUENCE NAME stakeholders."ClubChallengeRequests_Id_seq"
    START WITH 1
    INCREMENT BY 1
    NO MINVALUE
    NO MAXVALUE
    CACHE 1
);


--
-- Name: ClubFights; Type: TABLE; Schema: stakeholders; Owner: postgres
--

CREATE TABLE stakeholders."ClubFights" (
    "Id" bigint NOT NULL,
    "WinnerId" integer,
    "StartOfFight" timestamp with time zone NOT NULL,
    "EndOfFight" timestamp with time zone NOT NULL,
    "Club1Id" bigint NOT NULL,
    "Club2Id" bigint NOT NULL,
    "IsInProgress" boolean NOT NULL
);


ALTER TABLE stakeholders."ClubFights" OWNER TO postgres;

--
-- Name: ClubFights_Id_seq; Type: SEQUENCE; Schema: stakeholders; Owner: postgres
--

ALTER TABLE stakeholders."ClubFights" ALTER COLUMN "Id" ADD GENERATED BY DEFAULT AS IDENTITY (
    SEQUENCE NAME stakeholders."ClubFights_Id_seq"
    START WITH 1
    INCREMENT BY 1
    NO MINVALUE
    NO MAXVALUE
    CACHE 1
);


--
-- Name: ClubInvitations; Type: TABLE; Schema: stakeholders; Owner: postgres
--

CREATE TABLE stakeholders."ClubInvitations" (
    "Id" bigint NOT NULL,
    "ClubId" bigint NOT NULL,
    "UserId" bigint NOT NULL,
    "Status" integer NOT NULL
);


ALTER TABLE stakeholders."ClubInvitations" OWNER TO postgres;

--
-- Name: ClubInvitations_Id_seq; Type: SEQUENCE; Schema: stakeholders; Owner: postgres
--

ALTER TABLE stakeholders."ClubInvitations" ALTER COLUMN "Id" ADD GENERATED BY DEFAULT AS IDENTITY (
    SEQUENCE NAME stakeholders."ClubInvitations_Id_seq"
    START WITH 1
    INCREMENT BY 1
    NO MINVALUE
    NO MAXVALUE
    CACHE 1
);


--
-- Name: ClubJoinRequests; Type: TABLE; Schema: stakeholders; Owner: postgres
--

CREATE TABLE stakeholders."ClubJoinRequests" (
    "Id" bigint NOT NULL,
    "UserId" bigint NOT NULL,
    "ClubId" bigint NOT NULL,
    "Status" integer NOT NULL
);


ALTER TABLE stakeholders."ClubJoinRequests" OWNER TO postgres;

--
-- Name: ClubJoinRequests_Id_seq; Type: SEQUENCE; Schema: stakeholders; Owner: postgres
--

ALTER TABLE stakeholders."ClubJoinRequests" ALTER COLUMN "Id" ADD GENERATED BY DEFAULT AS IDENTITY (
    SEQUENCE NAME stakeholders."ClubJoinRequests_Id_seq"
    START WITH 1
    INCREMENT BY 1
    NO MINVALUE
    NO MAXVALUE
    CACHE 1
);


--
-- Name: Clubs; Type: TABLE; Schema: stakeholders; Owner: postgres
--

CREATE TABLE stakeholders."Clubs" (
    "Id" bigint NOT NULL,
    "Name" text NOT NULL,
    "Description" text,
    "Image" text,
    "OwnerId" bigint NOT NULL,
    "FightsWon" integer DEFAULT 0 NOT NULL
);


ALTER TABLE stakeholders."Clubs" OWNER TO postgres;

--
-- Name: Clubs_Id_seq; Type: SEQUENCE; Schema: stakeholders; Owner: postgres
--

ALTER TABLE stakeholders."Clubs" ALTER COLUMN "Id" ADD GENERATED BY DEFAULT AS IDENTITY (
    SEQUENCE NAME stakeholders."Clubs_Id_seq"
    START WITH 1
    INCREMENT BY 1
    NO MINVALUE
    NO MAXVALUE
    CACHE 1
);


--
-- Name: NewsletterPreferences; Type: TABLE; Schema: stakeholders; Owner: postgres
--

CREATE TABLE stakeholders."NewsletterPreferences" (
    "Id" bigint NOT NULL,
    "UserID" bigint NOT NULL,
    "Frequency" bigint NOT NULL,
    "LastSent" timestamp with time zone NOT NULL
);


ALTER TABLE stakeholders."NewsletterPreferences" OWNER TO postgres;

--
-- Name: NewsletterPreferences_Id_seq; Type: SEQUENCE; Schema: stakeholders; Owner: postgres
--

ALTER TABLE stakeholders."NewsletterPreferences" ALTER COLUMN "Id" ADD GENERATED BY DEFAULT AS IDENTITY (
    SEQUENCE NAME stakeholders."NewsletterPreferences_Id_seq"
    START WITH 1
    INCREMENT BY 1
    NO MINVALUE
    NO MAXVALUE
    CACHE 1
);


--
-- Name: Notifications; Type: TABLE; Schema: stakeholders; Owner: postgres
--

CREATE TABLE stakeholders."Notifications" (
    "Id" bigint NOT NULL,
    "UserId" integer NOT NULL,
    "Type" integer NOT NULL,
    "Content" text,
    "ActionURL" text,
    "CreationDateTime" timestamp with time zone NOT NULL,
    "IsRead" boolean NOT NULL
);


ALTER TABLE stakeholders."Notifications" OWNER TO postgres;

--
-- Name: Notifications_Id_seq; Type: SEQUENCE; Schema: stakeholders; Owner: postgres
--

ALTER TABLE stakeholders."Notifications" ALTER COLUMN "Id" ADD GENERATED BY DEFAULT AS IDENTITY (
    SEQUENCE NAME stakeholders."Notifications_Id_seq"
    START WITH 1
    INCREMENT BY 1
    NO MINVALUE
    NO MAXVALUE
    CACHE 1
);


--
-- Name: People; Type: TABLE; Schema: stakeholders; Owner: postgres
--

CREATE TABLE stakeholders."People" (
    "Id" bigint NOT NULL,
    "UserId" bigint NOT NULL,
    "Name" text NOT NULL,
    "Surname" text NOT NULL,
    "Email" text NOT NULL,
    "ProfileImage" text NOT NULL,
    "Biography" text NOT NULL,
    "Quote" text NOT NULL,
    "XP" integer NOT NULL,
    "Level" integer NOT NULL,
    "ClubId" bigint
);


ALTER TABLE stakeholders."People" OWNER TO postgres;

--
-- Name: People_Id_seq; Type: SEQUENCE; Schema: stakeholders; Owner: postgres
--

ALTER TABLE stakeholders."People" ALTER COLUMN "Id" ADD GENERATED BY DEFAULT AS IDENTITY (
    SEQUENCE NAME stakeholders."People_Id_seq"
    START WITH 1
    INCREMENT BY 1
    NO MINVALUE
    NO MAXVALUE
    CACHE 1
);


--
-- Name: PersonPerson; Type: TABLE; Schema: stakeholders; Owner: postgres
--

CREATE TABLE stakeholders."PersonPerson" (
    "FollowersId" bigint NOT NULL,
    "FollowingId" bigint NOT NULL
);


ALTER TABLE stakeholders."PersonPerson" OWNER TO postgres;

--
-- Name: TourIssue; Type: TABLE; Schema: stakeholders; Owner: postgres
--

CREATE TABLE stakeholders."TourIssue" (
    "Id" bigint NOT NULL,
    "Category" text NOT NULL,
    "Priority" bigint NOT NULL,
    "Description" text NOT NULL,
    "CreationDateTime" timestamp with time zone NOT NULL,
    "ResolveDateTime" timestamp with time zone,
    "IsResolved" boolean NOT NULL,
    "TourId" bigint NOT NULL,
    "UserId" bigint NOT NULL
);


ALTER TABLE stakeholders."TourIssue" OWNER TO postgres;

--
-- Name: TourIssueComments; Type: TABLE; Schema: stakeholders; Owner: postgres
--

CREATE TABLE stakeholders."TourIssueComments" (
    "Id" bigint NOT NULL,
    "Comment" text NOT NULL,
    "CreationDateTime" timestamp with time zone NOT NULL,
    "TourIssueId" bigint NOT NULL,
    "UserId" bigint NOT NULL
);


ALTER TABLE stakeholders."TourIssueComments" OWNER TO postgres;

--
-- Name: TourIssueComments_Id_seq; Type: SEQUENCE; Schema: stakeholders; Owner: postgres
--

ALTER TABLE stakeholders."TourIssueComments" ALTER COLUMN "Id" ADD GENERATED BY DEFAULT AS IDENTITY (
    SEQUENCE NAME stakeholders."TourIssueComments_Id_seq"
    START WITH 1
    INCREMENT BY 1
    NO MINVALUE
    NO MAXVALUE
    CACHE 1
);


--
-- Name: TourIssue_Id_seq; Type: SEQUENCE; Schema: stakeholders; Owner: postgres
--

ALTER TABLE stakeholders."TourIssue" ALTER COLUMN "Id" ADD GENERATED BY DEFAULT AS IDENTITY (
    SEQUENCE NAME stakeholders."TourIssue_Id_seq"
    START WITH 1
    INCREMENT BY 1
    NO MINVALUE
    NO MAXVALUE
    CACHE 1
);


--
-- Name: Users; Type: TABLE; Schema: stakeholders; Owner: postgres
--

CREATE TABLE stakeholders."Users" (
    "Id" bigint NOT NULL,
    "Username" text NOT NULL,
    "Password" text NOT NULL,
    "Role" integer NOT NULL,
    "IsActive" boolean NOT NULL,
    "Email" text NOT NULL,
    "IsBlocked" boolean NOT NULL,
    "IsEnabled" boolean DEFAULT false NOT NULL,
    "VerificationToken" text DEFAULT ''::text NOT NULL
);


ALTER TABLE stakeholders."Users" OWNER TO postgres;

--
-- Name: Users_Id_seq; Type: SEQUENCE; Schema: stakeholders; Owner: postgres
--

ALTER TABLE stakeholders."Users" ALTER COLUMN "Id" ADD GENERATED BY DEFAULT AS IDENTITY (
    SEQUENCE NAME stakeholders."Users_Id_seq"
    START WITH 1
    INCREMENT BY 1
    NO MINVALUE
    NO MAXVALUE
    CACHE 1
);


--
-- Name: __EFMigrationsHistory; Type: TABLE; Schema: stakeholders; Owner: postgres
--

CREATE TABLE stakeholders."__EFMigrationsHistory" (
    "MigrationId" character varying(150) NOT NULL,
    "ProductVersion" character varying(32) NOT NULL
);


ALTER TABLE stakeholders."__EFMigrationsHistory" OWNER TO postgres;

--
-- Name: Bundle; Type: TABLE; Schema: tours; Owner: postgres
--

CREATE TABLE tours."Bundle" (
    "Id" bigint NOT NULL,
    "Name" text NOT NULL,
    "Status" text NOT NULL
);


ALTER TABLE tours."Bundle" OWNER TO postgres;

--
-- Name: BundleTour; Type: TABLE; Schema: tours; Owner: postgres
--

CREATE TABLE tours."BundleTour" (
    "BundlesId" bigint NOT NULL,
    "ToursId" bigint NOT NULL
);


ALTER TABLE tours."BundleTour" OWNER TO postgres;

--
-- Name: Bundle_Id_seq; Type: SEQUENCE; Schema: tours; Owner: postgres
--

ALTER TABLE tours."Bundle" ALTER COLUMN "Id" ADD GENERATED BY DEFAULT AS IDENTITY (
    SEQUENCE NAME tours."Bundle_Id_seq"
    START WITH 1
    INCREMENT BY 1
    NO MINVALUE
    NO MAXVALUE
    CACHE 1
);


--
-- Name: Equipment; Type: TABLE; Schema: tours; Owner: postgres
--

CREATE TABLE tours."Equipment" (
    "Id" bigint NOT NULL,
    "Name" text NOT NULL,
    "Description" text
);


ALTER TABLE tours."Equipment" OWNER TO postgres;

--
-- Name: Equipment_Id_seq; Type: SEQUENCE; Schema: tours; Owner: postgres
--

ALTER TABLE tours."Equipment" ALTER COLUMN "Id" ADD GENERATED BY DEFAULT AS IDENTITY (
    SEQUENCE NAME tours."Equipment_Id_seq"
    START WITH 1
    INCREMENT BY 1
    NO MINVALUE
    NO MAXVALUE
    CACHE 1
);


--
-- Name: Keypoints; Type: TABLE; Schema: tours; Owner: postgres
--

CREATE TABLE tours."Keypoints" (
    "Id" bigint NOT NULL,
    "TourId" bigint NOT NULL,
    "Name" text NOT NULL,
    "Latitude" double precision NOT NULL,
    "Longitude" double precision NOT NULL,
    "Description" text,
    "Position" integer,
    "Image" text,
    "Secret" text
);


ALTER TABLE tours."Keypoints" OWNER TO postgres;

--
-- Name: Keypoints_Id_seq; Type: SEQUENCE; Schema: tours; Owner: postgres
--

ALTER TABLE tours."Keypoints" ALTER COLUMN "Id" ADD GENERATED BY DEFAULT AS IDENTITY (
    SEQUENCE NAME tours."Keypoints_Id_seq"
    START WITH 1
    INCREMENT BY 1
    NO MINVALUE
    NO MAXVALUE
    CACHE 1
);


--
-- Name: Objects; Type: TABLE; Schema: tours; Owner: postgres
--

CREATE TABLE tours."Objects" (
    "Id" bigint NOT NULL,
    "Name" text NOT NULL,
    "Description" text NOT NULL,
    "Image" text,
    "Category" integer NOT NULL,
    "Latitude" double precision DEFAULT 0.0 NOT NULL,
    "Longitude" double precision DEFAULT 0.0 NOT NULL,
    "Status" integer DEFAULT 0 NOT NULL
);


ALTER TABLE tours."Objects" OWNER TO postgres;

--
-- Name: Objects_Id_seq; Type: SEQUENCE; Schema: tours; Owner: postgres
--

ALTER TABLE tours."Objects" ALTER COLUMN "Id" ADD GENERATED BY DEFAULT AS IDENTITY (
    SEQUENCE NAME tours."Objects_Id_seq"
    START WITH 1
    INCREMENT BY 1
    NO MINVALUE
    NO MAXVALUE
    CACHE 1
);


--
-- Name: PublicEntityRequests; Type: TABLE; Schema: tours; Owner: postgres
--

CREATE TABLE tours."PublicEntityRequests" (
    "Id" bigint NOT NULL,
    "UserId" integer NOT NULL,
    "EntityId" integer NOT NULL,
    "EntityType" integer NOT NULL,
    "Status" integer NOT NULL,
    "Comment" text
);


ALTER TABLE tours."PublicEntityRequests" OWNER TO postgres;

--
-- Name: PublicEntityRequests_Id_seq; Type: SEQUENCE; Schema: tours; Owner: postgres
--

ALTER TABLE tours."PublicEntityRequests" ALTER COLUMN "Id" ADD GENERATED BY DEFAULT AS IDENTITY (
    SEQUENCE NAME tours."PublicEntityRequests_Id_seq"
    START WITH 1
    INCREMENT BY 1
    NO MINVALUE
    NO MAXVALUE
    CACHE 1
);


--
-- Name: PublicKeyPoints; Type: TABLE; Schema: tours; Owner: postgres
--

CREATE TABLE tours."PublicKeyPoints" (
    "Id" bigint NOT NULL,
    "Name" text NOT NULL,
    "Latitude" double precision NOT NULL,
    "Longitude" double precision NOT NULL,
    "Description" text,
    "Image" text
);


ALTER TABLE tours."PublicKeyPoints" OWNER TO postgres;

--
-- Name: PublicKeyPoints_Id_seq; Type: SEQUENCE; Schema: tours; Owner: postgres
--

ALTER TABLE tours."PublicKeyPoints" ALTER COLUMN "Id" ADD GENERATED BY DEFAULT AS IDENTITY (
    SEQUENCE NAME tours."PublicKeyPoints_Id_seq"
    START WITH 1
    INCREMENT BY 1
    NO MINVALUE
    NO MAXVALUE
    CACHE 1
);


--
-- Name: TourEquipments; Type: TABLE; Schema: tours; Owner: postgres
--

CREATE TABLE tours."TourEquipments" (
    "TourId" bigint NOT NULL,
    "EquipmentId" bigint NOT NULL,
    "Id" bigint NOT NULL
);


ALTER TABLE tours."TourEquipments" OWNER TO postgres;

--
-- Name: TourPreference; Type: TABLE; Schema: tours; Owner: postgres
--

CREATE TABLE tours."TourPreference" (
    "Id" bigint NOT NULL,
    "UserId" bigint NOT NULL,
    "Difficulty" integer,
    "TransportType" integer,
    "Tags" text[] NOT NULL
);


ALTER TABLE tours."TourPreference" OWNER TO postgres;

--
-- Name: TourPreference_Id_seq; Type: SEQUENCE; Schema: tours; Owner: postgres
--

ALTER TABLE tours."TourPreference" ALTER COLUMN "Id" ADD GENERATED BY DEFAULT AS IDENTITY (
    SEQUENCE NAME tours."TourPreference_Id_seq"
    START WITH 1
    INCREMENT BY 1
    NO MINVALUE
    NO MAXVALUE
    CACHE 1
);


--
-- Name: TourProgresses; Type: TABLE; Schema: tours; Owner: postgres
--

CREATE TABLE tours."TourProgresses" (
    "Id" bigint NOT NULL,
    "TouristPositionId" bigint NOT NULL,
    "TourId" bigint NOT NULL,
    "Status" integer NOT NULL,
    "StartTime" timestamp with time zone NOT NULL,
    "LastActivity" timestamp with time zone NOT NULL,
    "CurrentKeyPoint" integer NOT NULL
);


ALTER TABLE tours."TourProgresses" OWNER TO postgres;

--
-- Name: TourProgresses_Id_seq; Type: SEQUENCE; Schema: tours; Owner: postgres
--

ALTER TABLE tours."TourProgresses" ALTER COLUMN "Id" ADD GENERATED BY DEFAULT AS IDENTITY (
    SEQUENCE NAME tours."TourProgresses_Id_seq"
    START WITH 1
    INCREMENT BY 1
    NO MINVALUE
    NO MAXVALUE
    CACHE 1
);


--
-- Name: TourReviews; Type: TABLE; Schema: tours; Owner: postgres
--

CREATE TABLE tours."TourReviews" (
    "Id" bigint NOT NULL,
    "Rating" integer NOT NULL,
    "Comment" text NOT NULL,
    "VisitDate" timestamp with time zone NOT NULL,
    "RatingDate" timestamp with time zone NOT NULL,
    "ImageLinks" text[],
    "TourId" bigint DEFAULT 0 NOT NULL,
    "UserId" bigint DEFAULT 0
);


ALTER TABLE tours."TourReviews" OWNER TO postgres;

--
-- Name: TourReviews_Id_seq; Type: SEQUENCE; Schema: tours; Owner: postgres
--

ALTER TABLE tours."TourReviews" ALTER COLUMN "Id" ADD GENERATED BY DEFAULT AS IDENTITY (
    SEQUENCE NAME tours."TourReviews_Id_seq"
    START WITH 1
    INCREMENT BY 1
    NO MINVALUE
    NO MAXVALUE
    CACHE 1
);


--
-- Name: TouristEquipment; Type: TABLE; Schema: tours; Owner: postgres
--

CREATE TABLE tours."TouristEquipment" (
    "Id" bigint NOT NULL,
    "TouristId" bigint NOT NULL,
    "EquipmentId" bigint NOT NULL
);


ALTER TABLE tours."TouristEquipment" OWNER TO postgres;

--
-- Name: TouristEquipment_Id_seq; Type: SEQUENCE; Schema: tours; Owner: postgres
--

ALTER TABLE tours."TouristEquipment" ALTER COLUMN "Id" ADD GENERATED BY DEFAULT AS IDENTITY (
    SEQUENCE NAME tours."TouristEquipment_Id_seq"
    START WITH 1
    INCREMENT BY 1
    NO MINVALUE
    NO MAXVALUE
    CACHE 1
);


--
-- Name: TouristPositions; Type: TABLE; Schema: tours; Owner: postgres
--

CREATE TABLE tours."TouristPositions" (
    "Id" bigint NOT NULL,
    "UserId" bigint NOT NULL,
    "Latitude" double precision NOT NULL,
    "Longitude" double precision NOT NULL,
    "UpdatedAt" timestamp with time zone NOT NULL
);


ALTER TABLE tours."TouristPositions" OWNER TO postgres;

--
-- Name: TouristPositions_Id_seq; Type: SEQUENCE; Schema: tours; Owner: postgres
--

ALTER TABLE tours."TouristPositions" ALTER COLUMN "Id" ADD GENERATED BY DEFAULT AS IDENTITY (
    SEQUENCE NAME tours."TouristPositions_Id_seq"
    START WITH 1
    INCREMENT BY 1
    NO MINVALUE
    NO MAXVALUE
    CACHE 1
);


--
-- Name: Tours; Type: TABLE; Schema: tours; Owner: postgres
--

CREATE TABLE tours."Tours" (
    "Id" bigint NOT NULL,
    "UserId" integer NOT NULL,
    "Name" text NOT NULL,
    "Description" text NOT NULL,
    "Price" double precision NOT NULL,
    "Duration" integer,
    "Distance" double precision,
    "Difficulty" integer,
    "TransportType" integer,
    "Status" integer,
    "StatusUpdateTime" timestamp with time zone NOT NULL,
    "Tags" text[]
);


ALTER TABLE tours."Tours" OWNER TO postgres;

--
-- Name: Tours_Id_seq; Type: SEQUENCE; Schema: tours; Owner: postgres
--

ALTER TABLE tours."Tours" ALTER COLUMN "Id" ADD GENERATED BY DEFAULT AS IDENTITY (
    SEQUENCE NAME tours."Tours_Id_seq"
    START WITH 1
    INCREMENT BY 1
    NO MINVALUE
    NO MAXVALUE
    CACHE 1
);


--
-- Name: __EFMigrationsHistory; Type: TABLE; Schema: tours; Owner: postgres
--

CREATE TABLE tours."__EFMigrationsHistory" (
    "MigrationId" character varying(150) NOT NULL,
    "ProductVersion" character varying(32) NOT NULL
);


ALTER TABLE tours."__EFMigrationsHistory" OWNER TO postgres;

--
-- Data for Name: BlogComments; Type: TABLE DATA; Schema: blog; Owner: postgres
--

COPY blog."BlogComments" ("Id", "BlogId", "Comment", "PostTime", "LastEditTime", "IsDeleted", "UserId") FROM stdin;
1	1	Blog is very insightful. Nice place to socialize...	2023-12-27 16:38:01.089+00	2023-12-27 16:38:01.089+00	f	11
2	1	This blog is like a travel guide on the internet! Planning my next adventure already.	2023-12-27 16:41:54.378+00	2023-12-27 16:41:54.378+00	f	1
3	1	Your descriptions make me feel like I'm right there with you. Keep the travel stories coming!	2023-12-27 16:42:00.662+00	2023-12-27 16:42:00.662+00	f	1
4	1	I discovered so many hidden gems thanks to your recommendations. Truly a wanderlust-inspiring blog!	2023-12-27 16:42:05.99+00	2023-12-27 16:42:05.99+00	f	1
5	1	The way you capture the essence of each destination is incredible. Makes me want to pack my bags right now!	2023-12-27 16:42:18.212+00	2023-12-27 16:42:18.212+00	f	1
6	1	Tourism dreams fuel my day after reading your blog. I'm adding these places to my bucket list!	2023-12-27 16:43:11.474+00	2023-12-27 16:43:11.474+00	f	5
7	1	Your blog has become my go-to source for travel inspiration. Thanks for sharing your experiences.	2023-12-27 16:43:16.162+00	2023-12-27 16:43:16.162+00	f	5
8	1	The photography in this blog is stunning. It's like taking a visual vacation. Well done!	2023-12-27 16:43:23.939+00	2023-12-27 16:43:23.939+00	f	5
9	1	I appreciate the practical tips and advice. It's like having a personal travel consultant!	2023-12-27 16:43:29.58+00	2023-12-27 16:43:29.58+00	f	5
10	1	Your passion for exploring different cultures is contagious. Can't wait for the next adventure!	2023-12-27 16:43:35.344+00	2023-12-27 16:43:35.344+00	f	5
11	1	Reading your blog is my virtual escape from reality. Always brightens my day!	2023-12-27 16:43:41.16+00	2023-12-27 16:43:41.16+00	f	5
12	1	Your attention to detail in describing local cuisines is making me a foodie traveler. Thanks for the tasty tips!	2023-12-27 16:44:51.984+00	2023-12-27 16:44:51.984+00	f	2
13	1	I love how your blog balances popular destinations with off-the-beaten-path finds. Keep up the great work!	2023-12-27 16:44:58.073+00	2023-12-27 16:44:58.073+00	f	2
14	1	Your blog is my bedtime reading. It's the perfect way to dream of far-off places before drifting off to sleep.	2023-12-27 16:45:03.252+00	2023-12-27 16:45:03.252+00	f	2
15	1	Your insights on budget-friendly travel are a game-changer. Traveling on a dime has never been so appealing!	2023-12-27 16:45:08.751+00	2023-12-27 16:45:08.751+00	f	2
16	1	This blog is a treasure trove of travel wisdom. I'm learning so much about different cultures and traditions.	2023-12-27 16:45:18.578+00	2023-12-27 16:45:18.578+00	f	2
17	1	Your personal anecdotes add a touch of warmth to the travel tales. It feels like I'm journeying with a friend.	2023-12-27 16:45:24.788+00	2023-12-27 16:45:24.788+00	f	2
18	1	Your blog is bookmarked for future reference. It's a goldmine for anyone planning a trip.	2023-12-27 16:45:30.065+00	2023-12-27 16:45:30.065+00	f	2
19	1	Your travel tips are so practical and easy to follow. It's like having a seasoned traveler as a mentor!	2023-12-27 16:45:35.476+00	2023-12-27 16:45:35.476+00	f	2
20	1	Every destination you feature becomes a must-visit in my book. I trust your recommendations completely!	2023-12-27 16:45:41.393+00	2023-12-27 16:45:41.393+00	f	2
21	1	The way you weave history into your travel stories is both educational and fascinating. Love it!	2023-12-27 16:45:49.699+00	2023-12-27 16:45:49.699+00	f	2
22	1	Your blog has become my weekly escape. Thanks for transporting me to different corners of the world.	2023-12-27 16:45:55.475+00	2023-12-27 16:45:55.475+00	f	2
23	1	I appreciate how environmentally conscious your travel tips are. Responsible tourism is the way to go!	2023-12-27 16:46:00.785+00	2023-12-27 16:46:00.785+00	f	2
24	1	Your blog has sparked my curiosity about places I never considered visiting. It's broadening my travel horizons!	2023-12-27 16:46:06.17+00	2023-12-27 16:46:06.17+00	f	2
25	1	Your blog is a visual feast for the eyes. I can almost smell the scents and hear the sounds of each destination.	2023-12-27 16:46:10.62+00	2023-12-27 16:46:10.62+00	f	2
26	1	Your writing style is engaging and relatable. It's like having a conversation with a fellow traveler.	2023-12-27 16:46:16.028+00	2023-12-27 16:46:16.028+00	f	2
27	1	Thanks for sharing the ups and downs of your journeys. It adds authenticity to the travel experience.	2023-12-27 16:46:20.272+00	2023-12-27 16:46:20.272+00	f	2
28	1	I love the diversity in your travel recommendations. There's something for every type of traveler	2023-12-27 16:48:05.071+00	2023-12-27 16:48:05.071+00	f	10
29	1	Your blog is a testament to the idea that the journey is just as important as the destination. Truly inspiring!	2023-12-27 16:48:11.456+00	2023-12-27 16:48:11.456+00	f	10
30	1	Your passion for exploration is contagious. Reading your blog makes me want to be a globetrotter too!	2023-12-27 16:48:11.456+00	2023-12-27 16:48:11.456+00	f	10
31	2	Wow, i really liked this blog	2024-01-18 08:44:23.15+00	2024-01-18 08:44:23.15+00	f	1
\.


--
-- Data for Name: BlogRatings; Type: TABLE DATA; Schema: blog; Owner: postgres
--

COPY blog."BlogRatings" ("Rating") FROM stdin;
\.


--
-- Data for Name: BlogStatuses; Type: TABLE DATA; Schema: blog; Owner: postgres
--

COPY blog."BlogStatuses" ("Id", "BlogId", "Name") FROM stdin;
18	1	OPENED
19	2	ACTIVE
101	1	POPULAR
102	2	NEW
\.


--
-- Data for Name: Blogs; Type: TABLE DATA; Schema: blog; Owner: postgres
--

COPY blog."Blogs" ("Id", "CreatorId", "Title", "Description", "SystemStatus", "CreationDate", "ImageLinks", "BlogRatings") FROM stdin;
2	2	City Centre	Lorem Ipsum has been the industrys standard dummy text ever since the 1500s, when an unknown printer took a galley of type and scrambled it to make a type specimen book. It has survived not only five centuries.	1	2023-02-02	{https://novisad.travel/wp-content/uploads/2022/02/Novi_Sad_Prolece_Naslovna_1_2022-scaled.jpg}	[{"BlogId": 2, "Rating": 0, "UserId": 1, "CreationTime": "2024-01-18"}]
1	1	Danube	The Danube is Europes second-longest river, flowing through ten countries and serving as a historical and cultural link between Central and Southeastern Europe.	1	2023-01-01	{https://cdn.britannica.com/54/6954-050-A7871925/Central-Budapest-Danube-River-bank-Parliament-Building.jpg}	[{"BlogId": 1, "Rating": 0, "UserId": 1, "CreationTime": "2024-01-17"}, {"BlogId": 1, "Rating": 0, "UserId": 2, "CreationTime": "2024-01-18"}, {"BlogId": 1, "Rating": 1, "UserId": 6, "CreationTime": "2024-01-18"}]
\.


--
-- Data for Name: __EFMigrationsHistory; Type: TABLE DATA; Schema: blog; Owner: postgres
--

COPY blog."__EFMigrationsHistory" ("MigrationId", "ProductVersion") FROM stdin;
20231110140732_Initial	7.0.5
20231114170439_pppp	7.0.5
20240116172745_mrzimsvojzivot	7.0.5
\.


--
-- Data for Name: EncounterCompletions; Type: TABLE DATA; Schema: encounters; Owner: postgres
--

COPY encounters."EncounterCompletions" ("Id", "UserId", "LastUpdatedAt", "EncounterId", "Xp", "Status") FROM stdin;
1	4	2024-01-18 00:00:00+00	100	28	2
2	7	2024-01-18 00:00:00+00	100	144	2
3	8	2024-01-18 00:00:00+00	100	103	2
4	9	2024-01-18 00:00:00+00	100	220	2
5	10	2024-01-18 00:00:00+00	100	12	2
6	11	2024-01-18 00:00:00+00	100	10	2
7	14	2024-01-18 00:00:00+00	100	55	2
8	19	2024-01-18 00:00:00+00	100	10	2
9	5	2024-01-18 00:00:00+00	100	328	2
10	6	2024-01-18 00:00:00+00	100	50	2
11	12	2024-01-18 00:00:00+00	100	150	2
12	13	2024-01-18 00:00:00+00	100	149	2
13	17	2024-01-18 00:00:00+00	100	33	2
14	18	2024-01-18 00:00:00+00	100	18	2
109	1	2024-01-18 14:11:23.118514+00	101	150	2
\.


--
-- Data for Name: Encounters; Type: TABLE DATA; Schema: encounters; Owner: postgres
--

COPY encounters."Encounters" ("Id", "UserId", "Name", "Description", "Latitude", "Longitude", "Xp", "Status", "Type", "Range", "Image", "PeopleCount", "ApprovalStatus", "ImageLatitude", "ImageLongitude") FROM stdin;
102	19	Find a cat	Find a cat and pet it	45.256125909748846	19.844571164364595	20	1	2	1	\N	0	1	0	0
103	19	Shopping Spree	Buy something in Panda	45.25958524334332	19.83216331284152	20	1	2	1	\N	0	1	0	0
104	19	Play in the park	Play in the park and have fun	45.259147646137286	19.833865482175163	10	1	2	1	\N	0	1	0	0
105	19	Friends Night Out	Go out with friends, requires 5+ people	45.25547471700954	19.843383009550617	150	1	0	1	\N	5	1	0	0
106	19	Bridge Fun	Go over the bridge and don't jump	45.234236388477065	19.849983595808702	10	1	2	1	\N	0	1	0	0
107	19	Ice Magic	Go ice skating	45.25541933237368	19.851234425399287	10	1	2	1	\N	0	1	0	0
108	19	Friend Meeting	Meet 10+ people here	45.2631098125524	19.83646162360244	100	1	0	1	\N	10	1	0	0
109	19	Travel?	Meet some friends here and go on a bus or train ride.	45.26539871706191	19.830793644526153	150	1	0	1	\N	10	1	0	0
110	19	School Time	Go to Elektro	45.25014657699679	19.834380594231572	200	1	0	1	\N	5	1	0	0
100	19	yes	yes	0	0	2	1	1	1	\N	\N	1	\N	\N
101	19	Train? Bus? Find it 	Find this image	45.26495528894582	19.829776374241465	150	1	1	1	data:image/jpeg;base64,/9j/4AAQSkZJRgABAQAAAQABAAD/2wCEAAoHCBUVFBcVFRUYGBcZGRccGRoaGhkZGhwaGhkZHBwaGhkcICwjHB0oIhoaJDUkKC0vMjIyGiI4PTgxPCwxMi8BCwsLDw4PHRERHDEoICgxMTExMTEvMS8vLzExMTExMTEvMTExMS8xMTExMTExLy8xMTExMTExMTExMTExMTExL//AABEIAPsAyQMBIgACEQEDEQH/xAAcAAABBQEBAQAAAAAAAAAAAAAFAQIDBAYHAAj/xABNEAACAQIEAwUEBgUJBgQHAAABAhEAAwQSITEFQVEGEyJhcTKBkaEHFEJSscEVI5LR8BYzU1RicoLS4XOTorLC00Njo7MXJDRVlOLx/8QAGQEAAwEBAQAAAAAAAAAAAAAAAAECAwQF/8QAKBEAAgIBAwQCAgIDAAAAAAAAAAECEQMSITEEIkFREzJhkaHwFEKB/9oADAMBAAIRAxEAPwDUzrHlH7vzqWkRViBHuouuGVktyAuozRBkQSTO49D1r1pzUOTlSsERpSptRlrCSxI8LKIhT4WmDAInzrzWVk5EE5Ey5hpu2aZ0zRG9Z/5C9D0MEzTLiKwhgCNDrrqNj61ZxtsZzl0GnpMCY8pqDLW6aasjgUKK9lFLkpMppgey0mWlANDeOcctYRA90mToqqJZj5SQAPM0m0t2CVhLLSZa57f+kl5/V4cRyzMxPwCj8aJcF7am44W7bW0D9uLgUepymBUfPH2Xoka/JXitI2LtSoW7bcN7LIwZW8gw0nyp2IbKrN0BNXHIpK0Q4tcgvjmJa3blTBOnP5Vj34lcR3YkksIHSTOsVc4x2gW7bKbENpGsetBmWcuYSfwrzuoy3LZ7HRjjSNhwziqpbTvW8TnTY6bUeArn1vDJbVblxgdRkAPKdZ/jetVwXjqXmKARAETvoNa3wZ/9WRkx+UGIr1PIpIrtsyGzS0sV6KCRK9S5aSKAsSKSKdXqAHAUWyKU9nxC2o0G8kT7xHzoZRQKrIgJGhEgdIMzpvy99cufwawHXdNYDAMpQBdQv2g2nTrUV5QA6geEJoY3YsDv6ae6pjEsysFLKupGzA66a7gVQxcZ2yiBNY4426Kk6RWr1Pily12WZDKUUuWlAoASK5r9J9pu+tMTK93CjoczFifWV+FdLisF9KGDZltOuwzBzIGVZWD7y4HwrLN9GXD7HOA6jnRjgvFLdt1LPAnXSgrYUAxUy4D2cqsxzD2YB01JGnQGuDc6TZ8UvWrjlrZEzGYAq2n3gdY8jWz4VjBew6K7jvTbGcTMNEH11Fcjv2by3s4OYu4gDqdlPoBE+U0fwuDv2r4cEAEmY8Y1mBA+Fa4puPgicVIivYbLeeTPiIjqfdUb4uSZMNyUDY+dE2RCzsWI208Q103Gus+dewBtZ7ty9bDKVCrEDKRmkyW6MvwrGSi3yUuARiSWUbef4aUV7IXUW8Cdp66AkaTVHFYa0VZ1LSSBlHsjzzT6GosCxUzEE/h1rNdslJDatHXQZr1Zqz2nVVUMsxAJHP0HWr1njyPdtW1U/rJ30IiY06aV6kOohLycrxyQXYgamm23DCVII6jUUE7X4rLaFsMAznzmPKKzKcTdAtpWKq0SRPhhpJnmddfdUz6hRlQ4421Z0SKSKjwd9LiyjhwNCR186ny1upWrM2qGZa9lp1einYhqJAj9/wCZ0p00oWnRSKEFLSxXooASlpYr0UgEpa9FeigBaG8V4Ravw11FfIlwKGUMAXynNqNGGTT1NEqZe9lvQ/hUvgE9zgV0eI0d4LbDA9ctA7/tH1rR9nEBDk8lNcB1hXgvCDe70qdUyEQdyZ0n3VWxj3rcK+YEzGs+knetH2CTwXW6so+Ab99Eu02Ettaa46klNdIn5itnC4XZnr7qOZ4q6F0JJJM67+pqsz5xuY/Pyq73Qa4WGYIBrIBg+nSKixRtr3i5jKmAQukCJJHI6ke6uJwbNSa1d8ATlIJ9R61YuY6FAIUtynpzA/jlVK9gnt2VukjI4GzZtTOkAe11HKqZsuJG+x/dFS1KIwhZuAw5bTkI5zyopc4i6pbKhRBkNpmnmaAYC2WJLbDkOv76K4nGZrFxDbAgDXdtDqZ9NKUXuDKeN4jcv3MzFmInby205VaTEZ8ijNlDMIEHfVuXWhGGxbEroMq6QNCZ2DECT76N8KxFu0Ga5bDDWEIJUDTad6p7vdh4Nl2OVu7bwZLcnKCDnJ5sx860VYG52sulMltVkiBHhyg7EelErfaR2uWrSAlhAuEa5jGsdPX1rux9RBKjnljk3Zq5r1ZC1xIjGM91oRGZFkQZJ5jmB1rWfWrf3xW6yxIcGSgU6KWKWKuzMbFeAp+WlilYDIpafFeiiwGxXop2WvRSAYRTXGh9D+FSNoJOgG5O1Zzi3bPB2pUXO9eDpahhPm85R8aTklyVFNvY5BiB4z61oOBuVt3D/ZoTYQMZiTvun4Fq2vZ+7hfq16zc0usAbYYFSSN4PP3SK4bOwN9hUjDM3W63yVaG9suOqMttHGUatlMyehqG1xG1Zw4w9wupJYkr0YmD57RFZTE4S0TCXGuAtGg1Hx0mt5S7NKMlDutiXbqlC9tmGskGBqBM5p1qOxxC53bWwMxuSbkAFmBIY6kEzof2jWj4VwjD27GJOKUqe6PdiQXUzlDJ0ctHLbSKyD8TdRlVco6Dwz6nc++uGGTVJpeNjdrYOYThqMrNcLZv1eVCsrOaGDbGIgiD61Y43ZAv3e7VQoYFSqlEzFVzZRJ0mdjE61nsHj3YzA95Jrb9mcSSGFyxbuDKYl2Rh5qQDPoabx92qw1bGb4en6zI32jmMcgN/wB1artdwe3ayPb0tXVnKNgyhQVHkd/LWsVxDHAXLmVDbdbkAFdCp68tKNYnFrcwlrvLsMGuTCKugyx7IAPPqdKwnhnrUovYq1W4PyIc5yKSwQIV0yZfankxOkn+zTDdKyMw0iJ1kn8qguYlQIUeg2jrVd7kMBuRoPfWjt8kl+44UBpEtPhk5h5+lXeEYiGRs0ZTEgEEnpmoG9p5DsNDzHlyA5UQwiDV3ciCAF6ecdaLEHsTaW/igAzBgSqz7MiTmKzPPnzo/wDyWP8ASvQjGdqrYtW1sKFuTBZgJA+8Dzmqn6Yu/wBP/wAQrqc4IyqR02KWnhadFdtnKRilp+WlilYhor1OivRQA2sj24xz4de8t4q5ausoW3ayJcRypMkAiVOurExEaGtRj8Ulq2924YRFJP7h5kwB5muHcb4k+IvPefRm0A5Kg9lB1gc+Zk1lOVI2xxt2R4jiN67Pe3blxS2Yo1wlZ9NvgBTVuKNrae+T+dRWrbFZCkiSARrqACR8GHxqJ35Vg3fJ01Q98SpZQtsK8jXUpHoNaN8PxokW8Rb1bYk7gQAROs/HlB659SBVm7j1e2qES6mQ4OoG8VLA19zCpnth075YcW/FkaYkW3bXNESDzE+/XYzBWxZz27S50UZQAAOoBJ6HzrE2HzIFJykxHIhwTlaPJh8Go9geIl0BO+zDow0I+M1rCVEyjZjsXxC619hcJEqxdQTlkBo0mDy1oDitWNabiFt7mJuFLJ0UL/OCSCT4lDQCI89INB8dwa+gztbJSYzKCYJ5MIzD1iPM1k6vYspcO299brs8w1mduVAMJwLLghjO8mbvd5MvIhiGDz5bRzozwCIg6aGpjOMk68OgaozHai4FxLgREW9tjKKZ+dV8PibjW8qLLZ16aCG1k7QY+J61c7RcIJuPcUjLEn3T+NBhie78I6CfUim7A2FsW7oS3cRWu5SWZfCQEUljm+1p1qni0tW0Zrakx7QMMYG8Hy3I6TQbhPECLs66qwgETqDI1PQ1opDAEggayDGoOhBifMU1FNCbKVp1Ecz4TEQBPI9KgxrFHyhfhrqd/Wr68Iv92l0K5ScpZZglSRE9dDNSmyrAhlbZT4WnKwO8czt7prHT3UMg4bw4C9aS4wcNlLZWzGCCQkR7XkOorU/WcN/9uf8AYb91Ar+Ftove2rjOVeGJAkGN9N9vlTP0pd+9+Naql4FudkivRTgtOArts4BgFLT4r0UrFY2kipIpQtKykc9+kviJi3h1O/6y58SLY+IY/wCFa59ZwxZhpp8vSjnbHG95jL2ugcp6C3CQPerH30AS8VYHpyrmyStnXjVRCaC4QNABmO55wMx09B/AoFxBbYuNkZiS3sgaL97xc9fhMUVxPEFVBlYuxOixlALR7RnUDyBoEikb7kyT51CVGjYhtjnUmHsFnVUHiZgo/wARiPnXqnwj5biNMQwM+hq7EGOF4ti120RqjsFncCdRtrqk++i+GvjOWU6MPEIkBgBBB21EA+grIXsUe8ZgdWjUabiabhMU6+E3GUKzZWBESYkEHQyAKlOhnSwhFtLvJmZdjuoB32MyfhVd+PBWFtVRyRMs4VQNdCYOp6Rzq3jMt/hdpLb93cZDdy5SJXLc1YAxqRGbq3nXLMPECdNNa5um6j5VK+U2v+FSjQZv8QZXZCly3ZcrcFtSFCZgJgGATmnUDrWn7Oraa2wuKWMAqysFaIg9RMg6EcxrWb49h7SLhhbuBybU3PCyMSzFgSp5Q0Ag6hfKiPZ/wtO3g/EitsbUlaJaor8UuBu8Fti6Ww2ZWEMx5qV3GUAyw0k1kRbS5JRirbkOQRHOGHTfUda6Pi8KrN3igZ/OQG9SNQYkT51Hi+AWG/WZSHUEgzv/AGWGzDcHSdd6tpiOcKrW2ViCOh3B9CND7qKpxLKqsfHLSyyAZjUaD2TqZ31q5jezF6yGa24a3ElTA+Kt4T8aCLcXWUytHqu2nhO3kZNIA/ge0hS2FJdUzMSgbTUk+EbTsJpl7ir3Hm1af72/TmYEfOl4NgbYAd3CvIALnwgnbX7HLeqZxTKWgkSWIIPIkn4GaGMuWcVirilB3SJJbxZVlo66knoKvfo3Gf1i1+yf+3QdOJuBpE9dZ/Gk/St375+Jo7gR9Ehadkqz9Vby+Ne+rnpXR8i9nF8cvRWCUuWpgg18t6XLT1k6GQZaFcY7O28SyO73bbroGtXHtmJmCAYOvOJo5lrwWlqKSaPm7iisty4DcdjncyTJMsZJ6nnPrUdsyOtXu0a93ir6EarduiPIXGj5RQn6xWD5OwkcgVG5FR3XnbSo2YdfypDJQ9Iz9KiDjpUlp1LQFJP8dadgMW8U1G+u8HlGx0NV7V3ZZAlhJOwnmakx7EtrOkBemm4B9aqVLA6V2r7Uvh7dvC4df1PdnLccGXQhkI8xPjHMZlkaVibJzATuRQxB4gOtXgjKFCtrkzHQQs6gfskH31liwxxfVb+fyOUmyyXJaWaToJYydBAGvQaVpcPeVVVsyiUEwfM71jVwrn9YVJBkzvOpBJjbUc6IXrgtqly25gkqyySVIAK67ajMI/s+dbp0SapOIj7JLeisfyirB4i0fzT+8oN/8U/KskuLvAfzlpJAMM6ZtRIJGpGkU1se+zYq3Hl3jf8AKkfOnqHsHbva422KG1OXQ+Pf5U18ZYxKt+p7tshloDAbCQQAV1I5H0rO/qi0tiJJOpFp2PxYithgcJYdAqYlSSNrtlranUaZlLRqOcVPJSkvKA13BZbayDEMl37SkE+F0IkJBiVMbGBqZr4rCsLSs65cpyZgJUgDQmNf42rTYjhV+0ufIcn30Iu24/2lsmKoNABGWFO5WMhPmACvvyg+dOmHa+DK3UK6nbryqDvK0p4Mjg93dhiRCmcoGkyCTImSQM3ujWp/JjF/0afsP/kp2LSz6gpKZoP/AO0+azJPVGbKn7IpWcAgE6mYHWN/xp9FgV/q6+Y95/OmnC9D8R+6KTFY5Le5k9B/GlBb/EbjnTwjoP30KTuluzSHTuS1PZe2ct+lrhBt4vvhBW8oOm2ZQFYevsn3msDlrufajhwxGFuLcKoEGfvG2QrzY8lOoPka4TdIDnxAiSAQZGmkg9Ktxa55JajezH6dKYTXjcHWmNcHKpEed4FestlhyAegOx9fKldBAYgD3mW91Xuz19BiVa5bDoFeUIUggW25MCNN/wAxuFJ0rGlbpA27b3IMjcbAwf7M6VAKeywB6fnS4e3mYCmIJ8LtkFcwQqTsyg+8xDQOgYbVdx/DWsOwfLmLEeEsZBEyJ5Ges1Dw9HdlTwqM0AtMTMawCcs84qXjRvLcZb2UOraw0nbQjkVIqFJ6qOqeOCxaqd7HhcSF1upHMTAg7A/xtVM4kd3eRgDItspAC+JHKhtOeW43wq5hGDIJymCfsjrzPOgmLIDMo2k+ek9a0OUfxL2/8Fr/ANpKqzVnGsHclSIy2x02RQd/MGqtAElrcetazhriBprB/GslZ3Fanhp09351USWGcNjLls5rbsh6qSp98b1ePEVufztpGP30/VXPigyn3qaEzT1etKIthFeG2WIa1dGb7t4d2Tpt3izbb1bLUn6Gv9Lf++s/9yqCtpSzRoRWpndFXSM06HfepbZI3IPvpWtgz1qhxK+tm1cuuQFRGZvRRJ/jzrAsbjbxXEWgJI7u8SoMSQbQA6btzpmOxrqvswZgwc3IHeByPSucYntE9494mIUOPYhgMolTlAPIlV35gUH4px3E3VcNibgk65WyKSAI0WNIik1s6Lg1GSbVnSbZzMB15mn3rDJqdp0oB9H/AHrYayxV3M3CSZMxccasfhvW/wARhg4AbQfP40RxaGnJ7P0dOTqr+q/ZV4HiluIQBBUwR+B/jpXFPpdRBxEqiKoWzbBAAAmWaYHPxj4V2DHcEeQ2Hxb4bwwcq2rgY7gt3qk/AiuEdvLl9sfe7wrddSiF7aMqtltoJC5mjz13B22qpU264ONu3YJ4fgTdYjJ4V3I+QHmaL2uA2yo0ZH12Icb6SIn4VF2fxoTMlzwktpoZmBoen+prRfWrUGLqgxpM79dd6QGYv8BZAXzC5oRBEEctBt6GquAtRczdbV0mZOuS4Pyq6/GJZmO0AfNjoOW9V7V7NcdhEdzdMeZDn/q+dKXBph+6BGIGw5RTsM4VgSJFRu5beNZOgA/ClC0zMI3sX3ZjLsZB9TqPxpMZxU3mZnBkxqNduXtLTB47ZkSRP4VVtaGMoJ84FToV2aSzTcdLexcsYy2FOrTz8JAnlqHb/loOdyfWjGMWbbRbQQASQUJ9oSdNedCVFWZkuKtZXyjoh/aRW/OooojjMNcZlZbbsDbtQQrEfza8wKiHDrp2tXP2G/dQBVs+0K02BEAGdx+YoTY4PfJH6p/hH41qMHwDFqoJwt4jXVbbN6Hwg1SEIrU8U17LJpcVkPRwUPwYCmXboUTVWTRNecrvUP1mobl/MKrZqLFR9N0E7WcOOJweItKJZrbBBt4x4l/4gKI4zGpbEs2vIcz7qz2M4vccQngXy9o+p/dXPe9LdnTjwSkr4Xt8HBbz92hDLDwVysCGDbGVOoI/EVR794I1gRPxjb3xXQe0fCrmJxbpaw7XnS1bIKui5WZ3OYhozaKRvTuyvZS4Md3d1CtxbbXSjsCoGaLZYKxEZ1ggGYadNDWtNfbYmaSdJ2jc9h8ReTBWbC2pdE8TM0KGdi5nTkW2oV9JOLcd3Ya4WJBuOB4VH2VAA1j29ya6HgXVralVyiIyxGUgwVI6ggg+lcW7VcR77GXrgPhzZE6ZU8II9YJ99DafCozApj1pl++EWegJ8gBT3IoTxbEeAqNASB6gGTSGCrWMYMWbXM2YiY8UnUHkdTVm7iWfQQJ36wTQ+KkzRrJkifmR+VIB95cpYAk5WKmRGuvmehqzwlpN0n+huf8ALFNxuKLoAyoCTJKrBMdeu9O4ONL5/wDJb5xUz4NcH3X98A1T8jU1MsWy2YDpNJmqjILYC7KkGNI2H8dKrJ7bb7nr+X7qnwRBBC9BPrVdkZWJZJ5mCugPqhoAu4kW8o703FEaFZmfRtCKE3ntqYQZxyLSvyU/nVrEcSBRkVCA28lDtt7NtSPjQygC0uNgR3aR5m4f+ulOLBH8zb/9T/PVWlmgCUX4ghEEeR/fRng3EiGys1q0PvZXJn3E0BVZ8vOjS9n77BGW2xWJJVSZ89BSbBcmsscevAQmMBH+0voPhGWvYniVx/E64a9B2K4ct8cof51g73DLolshgEgxJgjkeYPlVMXGHM/E0t/Ztrx+Y/ydIt924zNgSPO012P/AHHX/hpndYf+q4r9s/8AarAWcRcnwuwOpnMRoASfkKt/Xb/9Y/8AUajuHeH0zsNvtLhn8TXHM9VJqri+1qKWy2S6DYi4FJ/wlDHzrmS8YYchSfpl/KtMcvjXaq/PkjLlnk5e3rwbjB/SK+Hv3b4waZLi20y96wYd2XynPlMk52nwjYdKjwf0l5ce+MawSHtraNsMJCqcyw50JkmdNZ5VkOF8NGJvIpUopnM7NlUjl42BjXnrpU3EkwiWyifziuRmkktBI32I0nluKzlLfccMLlFu1t+TcY36Wgc5s4Z7bOCDmuKVzRAaAJDbag6wJBrCHjWulvT+/wD/AK1Dgr9pLTSma6+gcnS2n2oXm5Gk8tY12qYpgjsmgKmNIj41RkERxEO0FGA5aj5/KorrZqGW7h3qVLpp2A98HmBKLJGpA6dR6U9OG3GUeBjEgEZDIJ1HtcjPxqTAYvJcVvUH0ZSp+RNFf0jbDHzAn1Gk+8R8KKAHXeE3WAi1cEf2dPjMU3DDuu8RwQXXKdNQJ1Mc6NJxhIjN8jQzieLdzmW4BAgbKYI1BJ3/ANaJR2oqMnF2hOGYbMcyW2cAlWIH+o8qFYm0EdlkAhiCDOlbLsf/ADTnrc/6VrIcZH/zF3++341zwyOU3CuDsz9LGHTwyp7yG4dyp0Ka9WA/6hFEVUsrEtbYkRlFxZgT57/xNAStJFbnAXHwVwad2fx/A1XfDXF3Rh7qjVJMVNisMEjWgZAoq5g8OHYAkKCYzHQT5nlVQVawmZj3anRvskwCQCfjp7zAoAPcV7N3sEtu5dFtrdwhV8SkwRm1UGVkTDeVF+yHEgneWC05WlCTuv8AGtYrvGbfMwG+v58qmwFwhiQY0NAHT1u2rr937PelszEQAEQs9w9YVZ84rKdp+zZt3A9j9aCDMLBYBijSnUMpB9xqLsvjycXbV/EWW5aUP7Bz2mRFaCN2IE9GNF+3vErlu7aQwl1LRNzJ4NXckZo2YgBiP7YrmlOazKK4otJeTG3OD3EIgPqJBFt9j100PlUX6Lf7j/7t/wDLV63xO9IJxhjmJu9P7tWf0s/9P/x3/wDLW3cVWL2/0dA/kxgf6svxb/NVW/2JwLS2R0G5y3CAPQGalucXHWPh++qfEOIg2rsXWnu3gSuvhOm9UZ7Azh3Zv6xaYJca3bViFEBmbmATIAiRtznpWZ4vwdsPea2xDRlObl4hI0POtLw3F+C1lvBYa4YkCDlZfnNAeO41nvOz+NSQk5tDkVdNOQLSPOmgBCr4lHv9wJ/dUDNJY9SfnRS6bZMrmkqqgGNPIRufPzoY9shipEHoaZI7DONqlIqplIIJETBHpO/yq4GGYA6AnfaB1pDEzAa15MSJJIqtiWBY5ScvKaay6A0AXTih0/CktOknOpbTSGiD61SWplXegDZdmMbbS0wd0U94TBYAxlXr6Vnb2Ga9iH7sZpdjPKJ3npTMThsgtlTmW4ishjck5WX1Vwy/A862GF4d3It4dBmutk7yOdx4hB5CQPnWcMajNz9nXl6uWTFHE1sgdw7sO945UYl+iiffEGB5mpeI/RbxK2Cy2luKNYtspaP7hIJPkJrpPF+N2eCYZLYAu4u4uYiYBI3dzuLYOgG518yMbgvpYx6sLlxbNy0XClFUoYIJ8DZjBgc5rQ4zm6lkYiIIJBBEEEbgg7GRTLtzMSWkk11L6T+FWMVh7fF8KPC2VbwgDc5VZhydW8DdZXpryxiPux7/APSgY0CnoNaagq5b8MggTzkTGvLpQA3J1qWwlOdAVzqemYfdJmNeYMGrOAKB7feD9XmGfQk5ecAEaxpvUydIETWMKpV7sEi3lzbaZjCz7/xHWrOA4Ldxved3uiPcJMmcqsYJGpJykDzqV+LraJWwCLXdsoJlXJcZszGZlWiBMeCdJrd9mbOJwmGxT2cveZMKoe5lFtXNtb90uNDA79xoCdqzi292iqOQY/Dd3dKEEZckggg+ys6HXeas5U/ol+Nz/PXRl727iYvXBiAQ5K27LOpJEgMXFvNoNpI3rmP1R+lz51pqQ/in6No+AQ7flVe5glA3b3LPyFEC1I9xB7TAeprl1Mgy1u8MO7K3iQyVI0I8iDt51RvXVa2qg+OS3vJ289/lWoxj22uWpKmGcmYj2DE++KtHDW2G1uPQDfTcVr8m26GgHxFFFq3c8JDEbKB9kyJGu9AwxdgoljIAHP0FaPjthbdlEXYOSNZ3DTWVZDOlaQdoT5HYu0yNlbcRpMxImD5jpSr4h5ioijcwaRTFWIa1S2tVI6VMcZK5WVSOsCfjvVnBd08KZUzvy99DdFxjqdIGg7eoqwxhT6fmKlx+D7q4ULK0QQRsQdR6Uxx4T/HMUluKUXF0w32avI4yXN7LG9a9Qv6y37wEcf7Jutb/AOjO0HxF3E3T4LFsuSdgz5vF7lV/lXMOF3TbDXFMMMhB6EMSPwGlb3hPGrCYDGYW2QLuJ9mTChXCIbeY7wC8HzHWmIxfaXib4rFviXaRdJKDXwoNETXYgQDHOetOt8Ke4LSDwqAzMfUwP+U+mtFOEcAe1dQ4gI1qfEAQzDoVzQJmB7+dE+M52tlbYEnwkAgEJqSBJEa/ietZymotJ+TbHglODnHhclzsTiLZw3EMDcYpYuWi9prvhHeZcrFSQBqwRgN9K59a4Pdb7AX1b8hNHuG2rrMlgNbzNny+JWIC6nMVzRvpPn0oJiOLsSRB0kat+6tDEsYfg4Al3TMCDBLBSJAIkajfeD6VHxGzayd4jkOcs2m1IkGTm+GnnVfCTdeDlC/aJMALz5yT5DeKjx+FFu4UVxcXkwESPSTQAuCugEgicylfzHzA+FW3EaSD5gyPjUGBw7M2XLuAZI1A5EHzo2MIoOv5k0mAKKFtInqK3GC7QYi4DaRrZN98qjwkC41uPETplBS3owIIkRFZbFY+3a0AzOOXIf3v3UmP4ldt92ttLVrJld2t2kDi40tJcgspAZQIIGnWkVGk7Zp+23Dcdhra3sRjA9s3Mq2FuMpiTIyKFDAQQTr86yf6Rt/1a1+zU+A4PjeKXHuKpuMi21e4xJ9lFRQTqWchZPnJMTRj/wCGXE/6O3+3/pTFYNPFzHsj4mqt3FFtTHwqoTSE+dZKCRNiu3iX/F+AqTNVZozr6N+VOLCnQWMxT7D30OLa1YvtvXnwbZcyqxEawCY8/StEtgFW3MlWIUbTz/0qFbxkTqOenKkW8QuXcU0sI21pgWIzEC2hY+Sn5RVrE4BrUM6BQ3skxrz2nwnyqn9YJGu45jT3+RqfH497oTOfZEep5n5UDPXHneJNROND/HOn2nQDS2WIGp/MdKfZbUyIBBEb77HXoYPupARW3hD5kfnXSbSMezJK6t9Y0jfW+Fj36fGua5DlkxqdgRIjqOVdc+jBhf4Vi8KQWa25dVEZiGUOkTzL23FMDmj271jLne4C0HLJ1AOvP3U3iGLzAQcxAHwA0/jyqTEXWutdvPoQpCryURCqPSfxNQcMwD3nRU0MSW5LB3qXFN2aRyyjFxXk0/0ccHZ7z3dFS1YuOzHblHyzfCsGFJ1rs2JBwfB79xyO9xQSysDLK6q7ActDdPuWuTNbA3ECd96ozKyKRUwWZEE9SKs/VYXMQcp23A+J51JDEaEAaTAAB8poAbh7rpIUBNN21P8AHuo12S4V9evPYbEZHa2SkkgM4ZdMojN4ZJXTSY2qguBRm0J12S2Gc68s7x/ymiC8EaS8d0UU3C2d2uhUEl8qarG8wIpDNhgfo/s8PQ4rGuri0QyIDAe4DKKBzkjYnXnpWRxKJiL1y8GutduXGYhAFGs+HcgRpB6Ltzq0vELV5k7/ABN28EOnePn0iNEL6H/F61cc4YCFu3VGhgd1lDaSRbURG/OfWdFYUVeFm5grjPbxDWM+jKjC7mg65jlNuRJ8xPKjf8o2/rmI/wB8f8lXMJwLvkRvrLMgJBF23OVomV8ULPh5jWBOtM/khd/8j9k/vo1FaTno4dc5rl/vEL+JmpBww87ij0DN+QHzr13jAkwpI2k6a/jUGIx14jS2F5yAW95nQCq0oyJhw1Jku5PkAvzk07uLS/ZH+NiT8iBQW5irjSC58wNPwpMPhGuHSPewB+etPYYWuYq2CIuIsfctpv6wT86gv8TtnQi4/q7AfCalscAYxPy19AK0H8krFuyr3LtxXdiAFtEjwqCd2HNk16HahtAYe+c58KBd9p+c0i4RzBjQ6zpR0cGP3hOkdPOedNfC3B9oaj1iOeo0pDBn1ExoZNRtYZeROvSibtlGpUkxz19aajgz4ZOhBG4+XnQIXAYRnBM21A++2X10g/OosdYCkAOj6fYbMB5E1cZBElSAdpBieevOnLgA8kL5TsBOkknQe80DKNxAwEDVhy18QgEe+J99aH6N+0f1LGqbpKWrq93cLAgLrKOZ5KdJ6MaqYjgT2lW45UIpQkBw0hmKg+GQJ7thM8vSrGL4I9zO73E8RJDnQEHYKpA8IHIUAdC7TfR2Gd7mG0W4xdlADQxMnKsiVJM76UnZnsAbR8eZLchnzlc7QNhl9kdSay/A+2WNwSLZFy1ikGiqweUA2AuAg5eQBB91XuLdqOJYlPGUwto7kfq58i7ks3oopWBF2/xjYu+qJCYWyMiEkKpOzOJIBGgURyWRvWOfDqNMwuEzIRWjyGYgT7hVlrlrNPe96QfaIbL5jUhj8vfRfCcVtJ7KwJ/8Mi2f8T5Cx9xFFlaQMvDGHtKlqRI7whWP90HU1dw3BrWZZuEkQWLAZT1CqrZiR6ijHE8TgrqEJhzZuEki6l1XYmfthlBcbgSZE6RVfhXADiM4tXzKhZDYcltdJHd3DOvUDfWpch6UWuJ8LtZwuHxVsL4SoKABTlJh2SSDMDMZjN5aw3+GcQs21a0CVdTK2rhmSVUqyiPEc085UE7Crdjsbi0bI3dEGMhFzRgdJ8QEEeHQ6+Ib1p8LwtDbtXb5uJsFUspVWAIJkSVLEaaxsDB0LA5/w63duX1s4u0ZXKVW6skBm55xIXw68vCelbrH9m+HsqZrKBQqaquRiqAqGW5b0YNKatOgAIk6W14KwYXDfDXDIkAXMzIFKIcwzDpp96NDvauNcZbd1WtsoBaAjDKRlzKdMyggZoO2U7ACCgst2MHbtAoFhVkLAjRgpKlpnOdPUxppVHIv9Nf/APxm/wAtTYrE3W/8NXS6oyy3h5ZZBWCsnSSBJHlUXfN/V0/Ys0tIWcsscHXIYcTuSAI93OiWA4a8oiISbhIBafEB/aOkCaD4e4RDAkHqNPwrT9nu0GJu3LQuXSwVjlkLI8BG8TzqrFpK+I7I3A4X6tmybKAG32jLqyVWf6NMQczm5bRWPhBDCCfstpp0kae6ugcNxLsjMzSVNzKdNPCRpRfhg0YaxnURJ2Kpp6UWTRw272axlm5ke1dBJOTIpYOFO4yz8DBoxY4xi7SFLnehYCt3loDQgABiyAnQDeeVdW4WxhmkyWtkmTr+sI166ADXpUfaewkWhkXxXFnwjWPdUtlI5mvF7Tspa1a8Igi3NudNMw1HnoBV/A4HD4lwltGtEAFh3qFSPIuJHXnzrbdo7ShWOUTbsXXQwJVwohgd51rF3eE2TZN/ux3hvMCwJGmWYABge4UJsqkCbti0GZQFkFl0WRE/ZMZTsNRpRrham1baEtpbd7csSbdzwAkFHkiARzDCSKA4/EuigKxGnqfidaBLda43jJb1qkQ0afHnAurm61w3czFCjK2+wcAAHbcb67UJXFLPgF5+QDXXC+5FI+GtRYWypI0GxrQYC4RjO5Xw2yDooCnb7w8XzoGij+jsQUIKpYRgSdreYASSQNW0k7Vf4f2EZm7stJVUcK5ZVyv7OXQ+mwg6HY1v2wNu19XKIoLMoZoBc+Hm58U+czTeM3DZuWjbMHNaWT4jluXRnEtOhpNhRy3EZ8Oe7Km0wZgWCqMwVoIVipBHLMpo1geIYAZnuWWe4V0cuLrKRsVLxljTbePOuhY7g1i4Rae0rILmimYGk6CdNa5L214fbsYki0uQEnQEx7XIEwB6UFJIP/orh/EEthw9rED23QLbL+HXNo4fWADAbrtRziXYnCi1bTu2lCIyt3bC2T4gDJL6sukxMwRMHIdlf/q7WpEMNiR9ojl5aV0jjF1hYWCRBj4eH8NKS3JkqZlD9HFtntlMQ9tS36xbhz6Msp3TFFzGdCD59NTXA+BW8NKhi91sys85YE+HIvIE/e+6Z00rQ43BoLLIFAXwwBoBCLt025UE7MX2ZQGM+AnUD70/Dy2phZaw1+zeOUkl0YgiGAuBlOdckkNpOoPL1FT3Ht+JAIMss3WzJrEBreaQg5AgDTqahwlzMzqQuWdgqqPCSF2A2r1qyjqbrIhuFFlyq5jIYHWKAsntZ0RraOruwbK2U5FUKsqhB5R4V5R5avxAS2ucEAhMxickakgGJAYkGPKqrWFsfWbdlQiqkrl0IMgzm3+dL2W8dtbjaswJY9SRrI2oEWsLwzM2lpFA/wDEypBDEllWPFGrDUD1NWP5NYf7o/Ytf5KqdoeIXbVolGynrAPTqKxH6axH9Nc/aNFgf//Z	0	1	45.26483069286267	19.829197272945347
\.


--
-- Data for Name: KeypointEncounters; Type: TABLE DATA; Schema: encounters; Owner: postgres
--

COPY encounters."KeypointEncounters" ("Id", "EncounterId", "KeyPointId", "IsRequired") FROM stdin;
\.


--
-- Data for Name: __EFMigrationsHistory; Type: TABLE DATA; Schema: encounters; Owner: postgres
--

COPY encounters."__EFMigrationsHistory" ("MigrationId", "ProductVersion") FROM stdin;
20231202131432_Initial	7.0.5
20231227193208_jk	7.0.5
20231227221108_awewerwerwerwerwerwer	7.0.5
20240116172818_mrzimsvojzivot	7.0.5
\.


--
-- Data for Name: BundlePrices; Type: TABLE DATA; Schema: payments; Owner: postgres
--

COPY payments."BundlePrices" ("Id", "BundleId", "TotalPrice") FROM stdin;
\.


--
-- Data for Name: Coupons; Type: TABLE DATA; Schema: payments; Owner: postgres
--

COPY payments."Coupons" ("Id", "Code", "Discount", "TourId", "TouristId", "AuthorId", "ExpiryDate") FROM stdin;
\.


--
-- Data for Name: Discounts; Type: TABLE DATA; Schema: payments; Owner: postgres
--

COPY payments."Discounts" ("Id", "StartDate", "EndDate", "Percentage", "UserId") FROM stdin;
\.


--
-- Data for Name: OrderItems; Type: TABLE DATA; Schema: payments; Owner: postgres
--

COPY payments."OrderItems" ("Id", "TourId", "UserId", "TourName", "TourDescription", "TourPrice") FROM stdin;
1	1	1	Historical City Tour	Explore the rich history of the city through its landmarks.	1500
2	3	1	Beach Getaway	Relax and unwind on the sandy shores.	1200
3	4	2	City Nightlife Tour	Experience the vibrant nightlife of the city.	1800
4	5	3	Jungle Expedition	Embark on an adventure through the dense jungle.	2500
5	6	3	Historical Castle Tour	Discover the secrets of ancient castles.	1600
\.


--
-- Data for Name: PaymentRecords; Type: TABLE DATA; Schema: payments; Owner: postgres
--

COPY payments."PaymentRecords" ("Id", "TourId", "UserId", "TourPrice", "PaymentTime") FROM stdin;
\.


--
-- Data for Name: ShoppingCarts; Type: TABLE DATA; Schema: payments; Owner: postgres
--

COPY payments."ShoppingCarts" ("Id", "UserId", "OrdersId", "Price") FROM stdin;
1	1	{1,2}	2700
2	2	{3}	1800
3	3	{4,5}	4100
\.


--
-- Data for Name: TourDiscounts; Type: TABLE DATA; Schema: payments; Owner: postgres
--

COPY payments."TourDiscounts" ("DiscountId", "TourId", "Id") FROM stdin;
\.


--
-- Data for Name: TourPurchaseTokens; Type: TABLE DATA; Schema: payments; Owner: postgres
--

COPY payments."TourPurchaseTokens" ("Id", "TourId", "TouristId") FROM stdin;
1	1	1
2	3	1
\.


--
-- Data for Name: Wallets; Type: TABLE DATA; Schema: payments; Owner: postgres
--

COPY payments."Wallets" ("Id", "UserId", "AdventureCoins") FROM stdin;
1	1	4500
2	2	5200
3	3	3700
4	4	5800
5	5	4200
6	6	3200
7	7	4800
8	8	5500
9	9	3900
10	10	4900
11	11	3500
12	12	5300
13	13	4700
14	14	4000
15	15	5700
16	16	3200
17	17	5100
18	18	4400
19	19	6000
20	20	3600
21	21	5000
\.


--
-- Data for Name: WishListItems; Type: TABLE DATA; Schema: payments; Owner: postgres
--

COPY payments."WishListItems" ("Id", "TourId", "UserId", "TourName", "TourDescription", "TourPrice", "TourType", "TourDifficulty", "TravelDistance", "TourDuration") FROM stdin;
1	1	1	Historical City Tour	Explore the rich history of the city through its landmarks.	1500	BIKE	MEDIUM	12	15
2	3	1	Beach Getaway	Relax and unwind on the sandy shores.	1200	BOAT	MEDIUM	5	10
3	1	2	Historical City Tour	Explore the rich history of the city through its landmarks.	1500	BIKE	MEDIUM	12	15
4	5	2	Jungle Expedition	Embark on an adventure through the dense jungle.	2500	CAR	EXTREME	30	18
5	6	3	Historical Castle Tour	Discover the secrets of ancient castles.	1600	BIKE	HARD	10	14
6	3	5	Beach Getaway	Relax and unwind on the sandy shores.	1200	BOAT	MEDIUM	5	10
7	5	9	Jungle Expedition	Embark on an adventure through the dense jungle.	2500	CAR	EXTREME	30	18
8	4	9	City Nightlife Tour	Experience the vibrant nightlife of the city.	1800	BIKE	HARD	8	12
9	6	12	Historical Castle Tour	Discover the secrets of ancient castles.	1600	BIKE	HARD	10	14
10	1	15	Historical City Tour	Explore the rich history of the city through its landmarks.	1500	BIKE	MEDIUM	12	15
11	6	15	Historical Castle Tour	Discover the secrets of ancient castles.	1600	BIKE	HARD	10	14
\.


--
-- Data for Name: WishLists; Type: TABLE DATA; Schema: payments; Owner: postgres
--

COPY payments."WishLists" ("Id", "UserId", "WishListItemsId") FROM stdin;
1	1	{1,1,2}
2	2	{5,5,6}
3	3	{7,7}
4	5	{8,8}
5	9	{9,9,10}
6	12	{11,11}
7	15	{12,12,13}
\.


--
-- Data for Name: __EFMigrationsHistory; Type: TABLE DATA; Schema: payments; Owner: postgres
--

COPY payments."__EFMigrationsHistory" ("MigrationId", "ProductVersion") FROM stdin;
20231202130625_Initial	7.0.5
20231227221224_ssssss	7.0.5
20240116172848_mrzimsvojzivot	7.0.5
\.


--
-- Data for Name: AchievementClub; Type: TABLE DATA; Schema: stakeholders; Owner: postgres
--

COPY stakeholders."AchievementClub" ("AchievementsId", "ClubId") FROM stdin;
1	2
1	3
4	3
1	1
3	3
2	3
\.


--
-- Data for Name: Achievements; Type: TABLE DATA; Schema: stakeholders; Owner: postgres
--

COPY stakeholders."Achievements" ("Id", "Name", "Description", "Type") FROM stdin;
1	Detective Master	More than 10 hidden encounters solved	0
4	Up growing	Club with more than 10 members	3
3	Win Pro	Achievement for first 5 wins	2
2	Win Pro Master	Achievement for first 10 wins	1
\.


--
-- Data for Name: ApplicationRatings; Type: TABLE DATA; Schema: stakeholders; Owner: postgres
--

COPY stakeholders."ApplicationRatings" ("Id", "Rating", "Comment", "UserId", "LastModified", "IsRated") FROM stdin;
1	5	This app is incredibly user-friendly! The interface is intuitive and navigating through its features is a breeze. Definitely a must-have for anyone looking for simplicity and efficiency.	1	2024-01-04 16:41:54.752+00	t
2	5	I love how responsive the developers are! Reported a bug and it was fixed within a day.	2	2024-01-04 16:44:20.791+00	t
3	4	This app covers almost everything I need.	9	2024-01-04 16:47:11.088+00	t
4	3	While design is sleek, it could benefit from clearer instructions for first-time users. I found myself a bit lost initially, but once I got the hang of it, it became quite useful	5	2024-01-04 16:48:43.777+00	t
5	3	The app covers a wide range of features, but I wish there were more options for customization. Adding personalized settings would make it more adaptable to individual preferences.	12	2024-01-04 16:49:58.604+00	t
\.


--
-- Data for Name: ChatMessages; Type: TABLE DATA; Schema: stakeholders; Owner: postgres
--

COPY stakeholders."ChatMessages" ("Id", "SenderId", "ReceiverId", "Content", "CreationDateTime", "IsRead") FROM stdin;
1	7	11	Helllou dear follower. Whats uuuuuuuup.	2023-12-27 13:28:10.139663+00	t
2	11	7	Currently playing some quiz on Clean Cadet	2023-12-27 13:29:30.111353+00	t
101	1	11	Helo\n	2024-01-16 18:57:43.822883+00	f
107	1	11	Hi, im 48 year old man from somalia, sorry for my bad england	2024-01-18 14:14:45.941166+00	f
\.


--
-- Data for Name: ClubChallengeRequests; Type: TABLE DATA; Schema: stakeholders; Owner: postgres
--

COPY stakeholders."ClubChallengeRequests" ("Id", "ChallengerId", "ChallengedId", "Status") FROM stdin;
101	1	2	0
102	1	3	0
\.


--
-- Data for Name: ClubFights; Type: TABLE DATA; Schema: stakeholders; Owner: postgres
--

COPY stakeholders."ClubFights" ("Id", "WinnerId", "StartOfFight", "EndOfFight", "Club1Id", "Club2Id", "IsInProgress") FROM stdin;
1	2	2023-12-08 00:00:00+00	2023-12-11 00:00:00+00	2	3	f
2	2	2023-12-08 00:00:00+00	2023-12-11 00:00:00+00	2	3	f
3	3	2023-12-15 00:00:00+00	2023-12-18 00:00:00+00	2	3	f
4	3	2023-12-22 00:00:00+00	2023-12-25 00:00:00+00	2	3	f
5	2	2024-01-02 00:00:00+00	2024-01-05 00:00:00+00	2	3	f
6	3	2024-01-16 00:00:00+00	2024-01-19 00:00:00+00	2	3	f
\.


--
-- Data for Name: ClubInvitations; Type: TABLE DATA; Schema: stakeholders; Owner: postgres
--

COPY stakeholders."ClubInvitations" ("Id", "ClubId", "UserId", "Status") FROM stdin;
1	1	5	0
\.


--
-- Data for Name: ClubJoinRequests; Type: TABLE DATA; Schema: stakeholders; Owner: postgres
--

COPY stakeholders."ClubJoinRequests" ("Id", "UserId", "ClubId", "Status") FROM stdin;
1	11	2	2
2	11	1	2
\.


--
-- Data for Name: Clubs; Type: TABLE DATA; Schema: stakeholders; Owner: postgres
--

COPY stakeholders."Clubs" ("Id", "Name", "Description", "Image", "OwnerId", "FightsWon") FROM stdin;
1	The Fighters Club	A club for skilled warriors	https://i1.sndcdn.com/avatars-cxxshNCjMyL4rzG6-GSrpXQ-t500x500.jpg	1	0
2	NoviShad	NoviShad power	data:image/jpeg;base64,/9j/4AAQSkZJRgABAQAAAQABAAD/2wCEAAoGCBMTExcVExUXFxcYGBcaGBcYFxcXGRkYFxgYGRcXGBoaHysjGxwoIBcXJDUkKCwuMjIyGiM3PDcxOysxMi4BCwsLDw4PHRERHS4oISk5MzMxMTExMzE5MTExMTEzMTMxMTE2MTExLjExMTExMTExMTExMTExMzExMzExMTExMf/AABEIAMIBAwMBIgACEQEDEQH/xAAbAAABBQEBAAAAAAAAAAAAAAAAAQIDBAUGB//EAEcQAAIBAwIDBgMEBwUGBQUAAAECEQADIRIxBEFRBQYTImFxMoGRI6GxwQcUQlJi0fAzcpKy8VNjgqLC4RU0s9LiJENEVHP/xAAaAQACAwEBAAAAAAAAAAAAAAABAgADBAUG/8QALhEAAgIBAwMDAwMEAwAAAAAAAAECEQMSITEEQVETIjJhofAUM3EjUoHRBZGx/9oADAMBAAIRAxEAPwDlooinxRFegOSNFOoIoqEsSkIp1KBUANAoinxSgUSDNNLTwtGmoQLyynkDM5DkhQSQBAGP63pSRPPbY+v+hrW7G7Yt8NZuaiyvc8qsujACkyxYHG+B61g8FdNzU8yGaVMQdORn5z9TXOhnlLqZY2nS7myWNLCpFoUAUkUoFdAyCFKNNOFOFAJHFGmpIpYqEICtIFqxFECiAhApYqQrSRQCMC0op1AFQgs0URRUDYkUtApwqEACiKXVSTUIJFJFE0haiSxZoptFCiWQ0tKBSxRFEFGminCoAZpo00+KIqEoaBSiligiiQBSxSRW73b7P1K11gTnRbH8XN/SJwfQ9KqzZY4oOTGhFydIzVsm3be5cUhGW7aHI67tq4BA9BMmqtohsqQRgCPQf963O9TW74t2OHuI3hamcKQTqZV0nq2Cx1bZ3Oa5XhkdHYQRkfWIJ+4muXDq5eprklvWxs9JOGlGjpoilsvqUHqJ/mKfXXTTVoxPbYYFpwWlookALSxTaWoEDTadFEVCDaSnxTTUAJSUGiahLCiiaWjRLG0RTqWoCxsUU6KNNQlkdLFO00RUoljYop1FSiWRaaCKdNE1CMjpwpTSRUIKKU0lJNSgWLFEUtFQI6zbLEAAtPT03yAdtjAOnciK1+A4pOJuJaJIRRCoi/ZwDmZYycwSdckggqTTO3bnhdlsy+Vm8MEjGrUdm6iDtWJ3EJftBSf/ANZCcRnw7LH6kk+5ridTllkk0+Ezo4scYx1Ixv0ieXtG4E8ugWQpBM/2Vszq3Jk771T4bvFfQ+ZhcGP7QS2Dtq+I/Oatd/jPad+OTIP8NtB+Vc9VNItXB2XDdv8ADv8AEGsscww1ISejKJHzAHrV+zdVhKMGHVSCPurgUPkbPSByrtuxFAsW4AHkB6ZOZro9Fkk/a+EZOpxxXuRcDUTRFEV0KMdhThTYpZqBsKJpCabqqUSx5NMJpCaSjQLEJpaUUUQCgUEUopwFQhHNOBpSoo00NmQUGiaAlPFv+dJPLCHyY8YSlwNoinMn9fX+VJoNLHPjkrtBeOS7DdNFO0UUfVgT05FaaNVSG3TShpysSaIpIommILpo00oalmoQbFLSzTraMx0qCxPICTSt1yEvd92jsu2OrWT9FH5Vnfo+txxzfw2ba/PwrYPzx99dH212cOItWrRA025ZpBjygD5xP4etXOH4O1wyPcAlktuxc8gqkkDlyiRvXm8mROTrydSLqFHlffFp7Q4kn/aPHqFEAjrtWGK7ReNW4oW4isNiCNQEDlO3vVLiexuHcTbJQ5yplfTDfkRRU/I6OaJ8p9T+Fd52YItW/wD+af5RXM8R3evAHRpcTyIVtv3W/Imuo4RCLaA4IRQRsQQoBB+ddDoGnN14MvV/FE5NJTKJrq0YLHUTTdVLqqUGwNJSmkqUSxKWKBS1KJYlKKM0AGjRLFinUBaeLdV5LrYMGr3GlfUf6delAUf10n/WkuW2GRnrO8coJ5+lRuwOxIMiRmcgfD642rk5OplHbubo4osmA6TP9bU3WN8SJMTvjb5/lURbSAWwJnUTETsR8yKr3r5w2/8ACN5+skkQd/51Rkyza2+5bDHFFw3J5xzJx1HyxNKl0mfecnbn05YqorqZB9oyIJ3j1iIn/tUhJAMmMDPL5AetUqruQ7Xgta/Siq360VxIxjrtRVn6mH1F9NlvTTWSpNEc6Qmu8mc1ohKU02zU4apEYGm1A0lEpSaauMgqNlo6gOJWNdh2PwXg2sgBmALMd8iY+W3ynnVPsbsTKPdZRMMiD7RmByraFyfYlfyrp7fBgt8Et/vPtXHP+xTyDbd/rXG6/qdXsg9u5t6fpmvcyhwnDm6ZUF1ESx8tsaTOWOJk5GTUXeVCLB0OHGpRd0oxt6M+Uvz82naujPBnBut7eKQ5/wCG2sIP+aqvebh9XDXIR3gKdTnSAA6zoUYB9gN65kVRuWOPc82u8DbbZY66fMP/AHfdVO92YQTp36D8xgitxrY5yP7wn79/voNmejD0II+jfzqzdB9Ndjnba3UP1wffFPTjSuHUwWAxyJiT7VtOnX6GRj/ikfQ1De4VGwywDvyn2mR94poZHCSkuUVzxNqmQstNirV6wAJBnrP89j9arkV6TDljkjqRx8kJQdSGxRFLFFWCBFJFLRFQg2lBpYoC1CCg09UpoSlQ/wBdPSleSIyiyS2o/r8/65VLrAjcbcuWeex2O1Rj1prpzBzOxiOeDzj09edczqvUj3NmHQ+wcVdmIOeQIwTAMfSetVbsABuklTmOcD/D/XKi8q7GT0zg8wNjkf0ao3+MMBcNPMtynPMZPzHtXMd2bEti74gadhOQM6SdoWBj0PI/KqwC4MxEnOywGwduQYwefyqfU4XSC2oASFAaYiDJIGw3PSKoNcBuKm0z5HAAJ8x807EacY5Y3p2pbAVFw2TnzdCSYgkzMnkZgb7RPIU0MTqVhJG4iYGcxy3H8+dS2rZAJ8wxyOOhEe+PWo+IQrIMCJMqRDNvvAgz+BoTg2roikroQXD1Tc8z19qKzZLZ8MH1lhMY204oqn0izUdN4tMJp3hnpS+Ea9Oce2OPDNAIUsDsVBOeYMbEHl7daXg+Ee44RVIJ3JBhQMszYwAJJ9qmv9sXeD4NjaChndyzGPgREUDOILMQJ9elUn728Tf4W4zAqgH2joWAKzpOknqVAIA/GsGTq5Rk4pcdzVDp00pN8jr7JP2VzxUgefQUBOcAMZOIzjeOVMNYHZHFsLoVrinVpDqsQhA0gSBncfDziZiui01rwyco78lGWKjLbgv92e0/1e6NWo2nw6KSJOQpMZgE5HP1r1BrOhCXdbVtRJCAKAOcnl8q8l7Otar1pf3rtsfV1Fdp307QXiDdsh4W0MjbVcGZB/aKsFTT1cnMSvO6/HHWmuXybOkm9LTL6d5OFtsB4d6GmLpQHUF+JoJ1wM50zir/AHovq/Bu6EMri2VI2ILoQRXBcdxXi3GZVYMUKIME6rlws5j1Dssb53rWt8SLXBXbTuNNprbkzhVfUzD2Btsf+LltWHSr2NNmXeuIilnZVUbliAPmTWS/bHBEwL1sHkcgfXA++uT7Z7Va9fS5dQ+Ec27bAiEOzAEQXiGnI23FNS7bW7DXFIIskmDl7TQZjYlFMjrczsYsoGo75LJIBRwwOx+IH2bpUNy0RJKR1KGPu/nXE9ndp3OHuXXtEeCLgXR+xczA0RhW0Kzah6TM13a8Sl2x4lsyrKSD9xB6EGQR1FSONSkkR5Gk2ZdxsmPwA+sVGadFJFehxwjjjpitjiznKb1SG0lP0U3TTiiU4LQENPFs0LIIFHWgjpFO0UwqBEz9arycDw5GO8H4Tz2z9IzO3yqVSDJB9CJ/qD6U4W13j1kE1Ddtc1JHUGSDAxJ5bVjyY5xjfJphKEnXBJrxy9JBGNjJ9N/aor9ySFETHXEbdagZGEkkCBmDyyduWMzJGN81NZt5+HlzB3E5MGDuPrWFLJOVT/2abhBXEYtrqSd5hTvEYhYJAHSqPaShRrjUoYFgy7jTpJBA/ZBJIxt1ratxAmD6/wBf1iqzAsZwIAJIGY5gAc8Z2q+WNaRIzdmY3CssNbUqOTWycz+6JyNsiP5suwINweZXB1jeCoUgiJGqSfcmrV20og2ywG4ElV3yIIiMyYqvfUsdwDzABAC51TO4jkevyrDOXjgvjuTfro07SdwdB2OcwJ3HviqHGX/KVE6m0hg0gRnBWBpJgc/XlTRxiqdEAatisdMgHbTiIHQjepBZOtSwEZZZeCPQSZxOYk5NBtvkNJEaWpAPmEgYxjH96ip/1gnK7HbA/kfxNFNaDTOuiqnad10CtbVmAbzgDUCsGRCy0zEEA53xJE3imkN012nFtHOUkiratX+PXw0s3LYtF2YkqusMPKwmCdMXB6eIDiYrne0rygFkSLV214beVllrbAs2oKAWlcjOGk8q66zxTK2oGDkHoQRBBHMEYisDtqwbdtyphPIw2lXhbbCd4KhfmPWud1OCUPent3/yXrOtvoO4RntcBbZAEZ2bT5AX0kkhmkgm3OwIIIJxtWxYBZRrcM+NZECHOSCo+GJwuIECuHsdh8U1427dtmcQznZUUmAWY4CjqTFa/dq9ct3ntvpJuu2QQTqUM5IOZUhjkmc03ST0ydvnj6F3UQ1xtLg6ns9haupc38Ng49SnmUfMgVNd4pIZ1tnUbV2dTyC5TyvsJMyfVqh4UtrBKkhSCQqlifMAAACJJJAiRvUnawPiHVK4QAEggDSI+AARnZRA5bTR61+9L6CdKva2VuAZvJyYlSCNpkHE9DU3fGwbXC3rYZtVx+FVmcFSdb3gcNiIBEhmB68hNw/DL4/ha1EKrkjSAguW/FRJJA1BCnMDO/Oou9PZ7W+zbravN+sBg4n4bBXU4kTgtc+YrEuTSed3vEt2yhdSjGAq3VuLIMlgFJA+41B2cLWthc1H7K5p0gHzhCVJkjAgn3ArW7e4JltK7P4h1STotp5SI1eSS6zpGrURnYGsOw4V1YzAOSNwNjHyO1OKO4bSzKrMVQtlt9MxJgkDksmeXpXX90eMSbvD2iSmgOpM/FIW5BIBIMofhXM45njbYCsNWwI1ewOfurquwfA/WFPDxlLmoDxMDyET4h69ABVmP5x/lCT+LN10imxUxFNKV3bOTQ1UpxgUkUFKAUJNOWmi3UgSKARjLULWm646EfmKslqaX9ajSa3BxwQhCMcqZcTqY9d/wP0PpU7v6fly58vrVS8zKdpkEkYwBiVg4653++sGfKo/6NGODYjok+XMZ57+h5mmomQhkEAsM4A5E7idxPz6wlxwJADHrndZAMlSI9+cVXPEzGFU/szA+RHPIB2+dZJ5dO+xpjBvYv2wR9PhMY5mPvz71Xu3JOykdDnUcfTYn+dTcAG4hbmgKShA0SQWMSYUiSBO4x9cQ8SunBMEbBh97COg/qKozZNXD+48MenkjF1iSJAMZIzpHXHsc4+lK9oZUOdRBJyJ942n1Mk0xQqkjzNsSNTbnOYJCjflU3DkQTiIxkRBEARyGSYnmd6LkmqT3JT5Mx0ttqT9olQ0SQvWBykAjBG3uKZxthJRFPl16SWJJKnBA+QJnO3zq4j6lc+VpmVJEkfugwIE+uD85zVYMDNwDzNsJIBIO23Qf6VVb2dliRes2bWkfZg+0fzoq5atoQNQQH1Lz6Tpxt0pKX1H5FpGy3DEVGbdbT2wdhUbcIWrvLKu5ieLwZHhmtvgU4UWArrquOYbxACBtAROYz7kn5U1OzvWn2OEVsShAMMSZAIzmOYj3qrPOM4VZZgg4zujnO3GuWbd6zZuG4Tca7cIY+W3btn7MFVAZV8xiI5jnOb3X4Nrji84A0SFGoMZKlcxsIY4Poaf2sFt3Hfh7rHUHEjcNcGlhn4iVLHkRiIMms/si/xD3lThwUVWVhbWSGLRJuMwlhB3OAIiufhUVPU+xvz2o6YnpHd3hWc3YElbLMo6srowX5xFV+Ps+KEuavM5gCIlAruHPPOhyPRlH7NdN3Jsabl1v4VH1JP5Udq91i1wPZuBFl/Iy6lBcMp0wQQPOxC8icYxTdTkTmynDGonIcDwOp/DtAeN+sOAYwygLLMNgFjV7Md4rpe+PB27dmxw4E2wlxSD+0DoDE+8sT71vdh9h2+GLOPPdeS9wgAmTJCgYVZzA++BWH36ufa2wIP2ZI6eZsfhVCdyLa2PJTwht3Hs3ydCS5JYzeRcWzMABFCyRsXA1HIK5HFdnHVdFv4be8nIPhs7AdSuhx8h1r0Ptbs21xCaLo2nSwwyk76SeXocHnXNt2DxNpnK6LwuMGYlvDYx4mqQRGfEbY1YLRiXeMk2ry27a6B4bKoIGoamDQIILBjzOVM+u/3U4VHd76JoUqEUTgtOp2WAABhBgDOoQNqq9l91LxBW+6oh+IL53YSpI/dXKqZycV11jh1VVtoAqqIUDkBT4/mv5RXk+DIDbpvh1aNlhyphQ12dZzdJELZpQKfpNEHpUsNEZppFTRQEqWBogiob3iTCgEev9fh+WdBUpSlLKVoKiZNmwykmBE+gjA5f6H6U63aKmTJOTJyAcQACekifQ9as3CoyNRI6A9OgHzqpdV2Jkbxg46kgwc7N0rFl+kbZfD6sp3LWqXPwFguFkkCcnGCTy5Y2qROGtsPOqYPlBVSNgSx5atp9vUirTLpzEjM7n/CNyfSOfypbDqBktMgmUaZO7RA/PbeqY4ne6S/ktlO1sUr3Dop8oC6FIDIoI3DKHG0SFIBH41R4S3fACsrRb1ApOrzOxYtGBMgY962SyzAI1YOMw2ZMAnPOI94mp3t2wWDESWJgnMkAiRO0acHpVaxXL3SX52H1tR2TMyy1uPKM+yrzEjlA2E+oqA8PLOdZA8yxgpqXJ9ZA5j2Od5uPCN5gxBBgOpkwgiHjMTPPqZqqyvqVEdQhHlAIEdeRxJkzvnFZ5reo1/I8fI1NAOlwuomY0wCTgkcvXnj7ojahItwRncZnfUS2wDSOX1pONuMC0uBgCJBB1bMMb4HtPyqk987qCDBkySZmRMmJEGcCZ9KTTtQ5b8d/9pHoAG+c853+dFRKp5EfSko6UGj1SaUNVEXyN5pRxVdNwZl1o0A9RNYtGZRcggkKAc+u/M1Qtdp22YoHBZckTkA8/b1qwOJHp9RS+nqQ2vSzKt90+HdQL4LkFsKzKuSSGIGdWTzjPpNWU4i1wrrZRFs2mBC3HJbWyCYgnVGY1k/LabrcRAJxgdYH15VxPeHjGvXraXCvhMyK+kBWRCwBuGMyAWP0JrPmi4xqOxoxf1LlI9D/AEf95Be4h7Hh6SQTq1Tm3zAj4TqPsR613ZrxnsDh2t9tWk4UtoW4/iCS32YQ6yxn4eWcaivOK9hbiEncfdWVytJvui1x0yaRNXEd+GniAOlpR/zOfzrsTf6Kx+RH4xXEd5eJttxDi4HVl0rgAr8II+Ek8+lNB7iSRkGkqS6bcSrg+ml1P/MBPyqIkdfuNWiMGqTs/wDtB7H8KZoNP4PyvPoaeC9yFlwybta/4Vp30Fyo8qDBZiQqrPKSRWL3X7Wu32KX+HNswzKyg6SFIBBnI3ENsc9Kp94e+r8PxBt20QqkK7OCx1MAZQAx5ZG8yQdt66PhVCu9xn1vcCAtAVdCA6FVRgL5mPM+bfarVObnUeFyV6YKNvnsWVsr0pWtr0FY/e66/wCrylwWgHBuPqZTphoUFJbLadgdulL3V4m43Dq124Lh1OFfmyKxVS38WD67TmadZG56RdFR1Gm1sVGbA6Uv6ymopqGpQCyyNQDZUkbgHlSeMh2b035jcVbGTK2kIbQFRugqUaTz++goKdSoRxM+7ZJOGIz0k9OX501OECZmTPuY23ESYnlWibYqNbQGxxGNiPfFRyVkUWU3gDmCPT+VVL9950rbef2YU5B3Y7QPQ+vtWloaYUavWQoETM42Hp0qtxfFJw7OrAv8JBAMsWkALuYG238qzZs0XJRtotx4paXKrRQuW2AhxvOoEIBB5QZAGTmPaZqtxVjVcOSB9lMbR4Nskx9ce9Xv1p2JCIGYnzEgaVAkxGxO5gkT+EBEP8Otot5EFY8JFnWYXJEc+W1ZnCLap2i1N0Z162EBZ5cn4QDGo76I9YJJMwByiqxsFiGB0adIyS0YAHxEdRsIg+1bNnsiSXeZInOAuMj+H5icZ6U3tIyIRgMoTIg4KsqKZEDyzPtBG9F4qjdUBT3pGbxqFB/aSsDOnzewBznbJ5HeQDn3LjwQrFdISQVYQWBEjV8JMGK1rnBG9bC2wWZ9GhVBDsTGRkfsqTJwIO0VlcR5C1q4vhkGLkkPyxlJUz1GKonHS99y2O6s0UvAgHUyyBCnUCBGAQogYjaiortsz/aIMDe4s7DO/Pf50Uan5BaNsdnWgJ/V+KUaWcabznyrGR9t6j609uFtIWn9fBUA/Hc0gHYkliAJkZ6HetNrvmNsazHDAkhTCkwulhEgnUv+EzEVzPeuz4l975vHw4RbQQMA4TcNMT5zBKzENMYrS51wxdN8og4bibTIL3icSlx/KQSrIV1MF0u1vIOkeo9YrXCjlxrxnJtIQQpgmfDGK4nszhjddLa8RoDAz4gIRCELAEk6dwVBxk1b4PiOKjw7fFOAEbyswUASNaDJAJBmPT1qLK4qkRwUnbNXvCz3FheIFwKNigQZIGqVf25TmpbHAl2Dm7wzMo0FXtuF8mCR9oC2+/Oa5njLl9banxNQKgwAMDEEmMfEBXRcH2X2k1lCjWShtqVDKpIW6AYJNv4tpyaWO8m5blknpiox2PRuyTxAXVYHZiPcg3FBe3cY8ixAaD7g71fucVx6KzunDMqglivGlAFAkmf1UECB1ryrte9eU2xxC2/Es3dDNaQBWD2xc0wmkPKqsz19wdG3x9i5w3Eh7SJcVybT+EqFkuWriR5IAYFtRPVsTyolFWPFtnecT3jS3wZ4l7DFtShLR4gutxXVXD2nPxpDRhJ1AiMTWV3m4dP1m5CBPgwABB8NZGOczXkXaV0gI2osfDtgaiDEW1VVX+EAYFehW2W3w5Nq89wLbYreu8yJCkYkoIBEg4jfYO4KIFJstrZA5n5kn8a5Ps/vY7MqlD52VQZU/EQokaVjfrXRcBxLNw+t2Vjpc6k+EhZGPpXm/Yeb9gf721/nWitwM9V4gMF0YkEEnIyARiDjeq9lm1oGJWTvrYzHLIwTtvzqzxLeZvc0/j73CcKU/W7l22x06k0algFysEK2ZE4kyF2E0kpaWhox1Jo4/wDSDwFpuHtcRZVW13L3i3Facm4wQNmBgAfKtzu92rZuJatBi1wWbeojIDC2upCf3t59utcjxXHnh711bY8Thbty4VV/huWyx0OP3X0lc+0itHs/hLacRYWxfW2jXQPMw1BWSA4BiZBCwZ0tvVmPJLG3f4hZ44zXt7f+nW9sdvdlG0nC3X1PbueLcEOo8RVcaBcAjUNUdI1DfFQ9zktPbXw7i6CzMxywV282gqBIiVxAx7zXB9q9k27PG37JuaQslSy6yC6q2gz8RXWQW56Zxy1v0ego15NQglSoGoToJBbIxhhjf6U+KSlkbvkTInGCVcFY+JYuDi7RYve4m/ZuK4wSXDCDvzU9ZXpv0fY3ZhtpNq2EV3BNuXchQDLhjEnGrbKxtEnb4vtHhP1cWb+hLlu54qu4wWYkBtWysAYzypvYF26zX7TogNq1aVHBMslxSyyNj5kfOIDAZ5JmnLBv44HxRhk54fJR45WTw8Za5pYEQNJGDPWffaOchdRFN743SbIJbzKy6jGpoGTokgLESPYbVaSYGsAsANX96M/fWjoeqllUtfJV13TRxOOjgg8RutUuL7SuoxUW51LNti8KzASyMY8jQGgmQcZFdAOGsGx4juLbaiqruXIXVtOPcdDVbiu7XEXlW5auJoNpvsiVDOWAKMpO2Y3Iq6eeDVcO6M8cM075VWc32txN27w9s2kuIzN5lA1ldAZjGmfKNLGRGBypO6brctaxyPn8vmLsBLFzkmMQOUdYGz3mt3OHRbiErcW4rKYIMjWreU5jLL0I96yO7V6019hZAHigXLtlg8WmRipNsqDrRi48pggY5Vic4vKnyqNahL0q4dl25oYx5DpMOFCwiiNQM84KjYETPrT9QV2K+UBVMElVUHUDBB+Ly9eX1m457Q03FW4hadTuILvbK2y2iMAajuOVQNb1P9mDcHhrkefAe7LZzIJjaM0zmtKdIplFxbW7BnChm1x5bhUvp0BgrMpM/wAUDIPz3rM7U49vJDM9q4+gXF0GWEswePg3kHlBPKq9/s9uJ4pla1cdLKDXb1Jbl2DMiq+QuoAmYnyUcDw78K3FBfIjBFRGfxJdrhVG1BRt5xkc+eKoebel/wBGjHhuGosd4LqcPxPAeCxUsqXbg8xE3WKh4bE6WYCOnrNYPeu2bXGcUrv4gW5lm+Jiyll26DA5DpWr3z4C4e1SCj+ErWFDhWKhERJyBAGGxVHvfwiHi7rklkfzozav2fK3OTsv19KSLtq+6LJRqLX1NW33ctgDVdzzjSN8/u0Vu9gXBxFhLolNeryiCAQzAwT1IJ+dFa7wflmSs3g4trd5S1zcKwDGQ2sScxPmPmUifrVR+DL22uAlmW44aARuhPPf4BnPxV0Os7AMYH3SOQ3pReG2/wA+cgGue+plzRobjW33OP4Ds+7dLgKRptu06JnSJ0jqTtUvbHZJsXFQtr1LqJCkQYyoE5jrzGa6peL9G5fCTnEcun9dKd49s76iY6mCIzM8hn6UP1T/ALRDmuH7Hu37/wCrWrmseHqV31IukebUVMkfujrjlWzxfB9p2rIPiIyEWNKKFZyCQthZKSSCRz5860LDIMqSpIjZQIA2kDIxtNKzqTMqdtMjoDGwxz2zmmXVr+1h0tmRxHD3LVqL8eInEzd1DVkxbZTPIZEAxg8q3O+TF7Fy5bCi2jjXItC5OlrTsdJIHnECImQw2qvdeWOoKZOqCggkc4iOh+VNvC2Q66FK3JLKqlJiJ0hQI2H0FD14vlMdWkc93q7OupcuKBqWwnDh26a7SaR6CSRHKK7+6AwKsAwIgg5BFYd4K63Q1tIveGLhgBibZBXRGUI/hAnnNRA2ssbdskx5vDXViBvHpsaddTHwxJM1+OVbXD3AoCqtu5AGAMEn8TXn3dhJ4mwP96n3GfyrrLpturLpwQQwUsMbEYb1qrw3ZthHDoCrAkqQ7kg+kHb68qP6iHhgs7Hh+JtI7veRriiYVQCSxaBgkf1Nch29xlm/eZL1t5Us0y2uAQCCC2mT5gAP2m2zV4FgwIuuSDJUlWBgyQdSzBzzqR7Ra5cbUPtPiIYgg4AKgriI67kn1Fbywcr3LIy2o5Hte6jeGbYZbaalVX+IQVWG9o+6srjUUO0GcnMbid676/3eC8GzvIdrx8MN4FycKbjl9BYL5dgdwZmq/Y/ZOq2V06muqFA8TQdLEsVAWJklGIM5QetXevGhXjcFfmzG739trxiWne2BxIEXLqwBdXYSv7w8oHz9K3f0ZooFxQzMSqlgVChSp2U6jqB1gzjniud43gfDugDzKly6gIIYHTq0+bY4E/XpXTdjWBw4BS4ys1sKTFszIWYJWQZGIzTvJHC0xJNyTsxu9tm89+4QdKKbjATBi0pYtjb4YHrXYfoftXeMa9f4h2cIbdsCSBcOgwLgGCqLkDq5+eTx3DI9sJdLtpBUOSQ5AkeZo8xjGZkDY8ut/RPat2OG4gAnSt8KTksxNq1k+svGMYoTzwyu19w4ote05z9JPZLLeBt3G0yAwklgkkvMbgKfcgHByar9uK93iLgW/wCEi2jrU3CkIRpbVbYCH8zCJJyu1avfHtS3dvrYtkglmuXHghgLdtlQKD8I1Pq3MkD1rjl7K4Y8QFdwX1KzW3LIHLZIVsESdgDIwDJBplKMI7cPwPlUnK5PdF3tfhOKNlLqXXuxEMCjFcZDTfYqYndJ+oqy/a3HWLAS5edCFgKycOV8pMQyKzzziZGaz7/dq0LhJ1KheVU6jC4ITXOeeY9aOM7u2rhm3cdBn4yzHIH/AMvrVazY65Fcm2jcscRd462wv3Ye25a69zUFUL9mqLAgsZJ2EknpVbsPgPB7TuBfECokr4gAcq3hsCceo5fhWxwvaC8OthuHtIDbnxVBhLoKlPE1QzC5GkzEyIkjd3Y9y2rXOJuspuuXm2s4t6l8MBmAVoVFJzJn0ikhmhqUrLJNODj3Hd4O3bXEcQLaqmq0rmbmhkBJUCNTL5scjtNVRxNm073bwDLbsE4AClw1smIkLLPA3yd6z+I4JEuXLlppW4GLYDMWhx5dVq4csyNsPhIJyIda7Ns8ZcbhyzIGW7oOkLNxrtrw0X7NFgwT8ImOuajlGT5Fo1+yb5ZrAuWkVuMFu9cMaiFuXnFpQTz0MpBzEkgA03vr2da4a+pVy7ErcdXg5R1ZI/aAkMCNQnT6VN3/ALngcZa0KYtpZCASPLbZtJx8voayO+PFtdvMbi25ZVgW3NwKpGrRqKqSRqHLn6VTPZtrmz0XTdPD+naTTi215Zpdo3wbnh3yVa7aa4+kMF0sYt+flAld58grjuPv67dmNNxri3LJZsQdaA3MdIBHuDXT95z4/ZNviRh7ahCZ0yjBJXbOVTH8J61x3H9msxtLbaA8S7kKqPdgyQPMq43g1fSUr/ODh5G7a/OTZTs/jOG+xF62ugnAvxGoltjbxvRXV9pXUa4S7OGIXUArwG0jVHzmkqakJT8s5C6I2B54AEnHr6/1ikuTiR1idzG0RvUkk5LACMnzA7DHpiP9KcNBMsJ3g89tpz1HTaswNF9yOwkgefcZAGOcT+NPCTs33fmflT2tAiMAxtsep3ORtz51CPJ+1vuflmSOczQZHGuxdXhvLqDYAMxy5jb5ioWN0fLlicCc1PbvEAsdOxyfIABAOaOIfpu22cnY4I5cpn8KSh3FVsQl7g9DjlnM/wAhQGx5xv643zvUguA4EwTGeZjGfb8KNawZI1RkCQfeSN9/+1SgafqC2Ug/aBZOxDzzg+sZ+tNtWApgOrFv2tIH0GaVxLHM/tTjGeenpTFgGIHOZUgk7DG338qgOCxasrEbGN4Yg+nvTHS0Fk3CNyZtXOgztUJGkhhqI6/OPlseZpqISmEgifNqbMzMyQBtvTJIGpPsSF7YP9spE/u3J5D93YyKia4jExcQxHxBhucEzG/zqXgWQypZsncqHAJ5mSJ57CrX/hVrDKVdlI83mBB3JBDETz2o+1MKinwibtK8j8PZ4dbls3ALg0Bsh7l0iG/dPh696ru44c+I2pNC3GJUsCDoPhxpMHzR1BBIIisXieyLn6yW1WidWoB3cKxBDAagJEGMY9a1v1XiQj274V7VxSDLKWXY6lAMEgiRt8jmrPbFpphctWzXBy/6yGspBDXGuF2gnVJ1KNR2BbWSK6S7cRG85CkmYLW4zsSrbf1vVbgO6t6+DbR0Ggg21dPDd4nSpYYJwOZ6+1TjeF4i2xS4/mQwVdElDAIXUd8NTZJRybJ8FOlrc1H4tI0i7bHUkn0OVHz2mmdyO8qcNxF1Lzxavtl4YqrI8o5G4HmgnkI6RWM9q+fMdB3AP2XrtGxrJ4oCIHOff1o4ccVYYyado3+L7Za9ea7bXzSdlLeQnAOJ0mPSo+I4W1fL3bpZGtqoCjAbLHc5nI+6oe4h/wDqASrHVFvG51Zgf4TUvflA92yo8urUPkWUCYq5Q0qk9i6Uk/dJXZ0HZfHA20DKWlRJ0xkCCxiZJicTvUjX7bToUYknUlwR6gaRn0xWPDuPKomTH2hOdtmzjO0/dTtd5MHAnlc1QDyiAY9xWB4ldops0biA+Y3AvueZHtPKq91+jgiOu/1NRPcYjzHJ5lR95UevMUzxSBDLGMmAZEYyP5UFAVkwvHVmAR9c9dvT6Vqd1L4TirTXdRClmEEg+W2xBAJ6xj0rNsqhGxI2JjWs/wA/Qiry6kA0nYyh8s530gwPSPwmhaTtDwW9sr95eMe7xL3HU+ZoBK7IihRJGATBJOKZ3jt6RbKxcRrasGQE+ZgCyFTsQfeZFafduxqZwQwAX9oMM6uhM0dncPruFDMHzGMSRAIJGwwuK6nT9NHLDU3yaZ/8vkxuMVFbWl/lEvcriTe4PiOGdCoTVcTVKlVMasQTAJBHuRiKr9q8cLugYtMi6DCgqV/YJVpiM5G852qDjkvLeuW7A0hl0s+rSFBzpMZIMDAHLJqROz7jmb11m/hQeEo+nm++svUQqem+BIueVa6qxbRCiPEHP/7cbmelFWf/AA21/s7fzUE/MkZoqr3eX9h/QZxXaN1hMEjKjBIxJxWhxO30/wApooppcIzPuKu4/rrVobW/XTPrhd+tLRSS7DxBFG0Y1nH+GpeH2/xflRRSMZcFcfGfZPwFSXMaoxk7Y/eooosZfFkNnce3/SKlQeX/AIT+NFFSRQ+Cta+EfL/OK2V2A5Qcf4aKKaQ8CLtW0o1QAPK3Idab2XdaNzuvM+tFFVdidxvEf2j/AN78qbx3xj2b8RSUUY8oEipwOcnJ0DJz+y1PvMfDt5339c8+tFFWPkC+JRubj5/lWf3ttKotFQASjEkAAk6mySN6KK0YuStGx+jUfa2Dz8U59zamqPe7/wAzw/8AeH/qUUVpfAexdubH2/6jQD8XsKSisIpNa/Y9SJ9alTdvn/lFFFV9x+xEB5T/AHT+Brb7HzbznLUUVXl+I8eTT7I+I/3D/mqDsn/zNz+6/wDmWkorsdB+yjJn+ZB/+Re90/y1aPKiisfUfuM6nTftoWiiiqS4/9k=	4	5
3	Tourists united	Tourists from all over the world, here to explore	data:image/png;base64,iVBORw0KGgoAAAANSUhEUgAAALQAAAC0CAMAAAAKE/YAAAAAhFBMVEUAru/////2kTkPfMDv+v4Qs/BAwvNgzPW/6/sEouOf4fkguPGA1/cwvfLf9f0IldjP8PwLicyv5vpQx/Rw0faP3Pg+p8ICqOmanH0PrOTnk0QNgsYfqti5mGcGm90Jj9KKnolco6vIllsuqc1NpbZsoZ/XlVB7oJSpmnI+rs5PwOhuxN1J7ecLAAAPBElEQVR4nO1di3aruA4NZ/Cj2DiUQNM2bfo+Pffe//+/K8mG8DBgaJozrFWtNTOdJNjbsrQlGWM20Qpl87cBLJEf0JeSH9CXkh/Ql5If0JeS84LOcl1wrjYNUZxrnWdn7eZsoGUp0s2IpLtSnquvs4CWmo/hPQnXZwH+ZdBxIlgYYitMJPFfBp3v5gCuZJf/PdCmmKXjlr4L81dA54F2PCR8ubqXgk7UNKwpUclFQZ8D8hdgLwF9LsiLYc8HLb9oy13h86l7LuhYnBcyiphL3DNB54tJbkzYTCKZBTpeFEpCZDdL2XNAf4+arcxSdjjouPg+yChFuLKDQZvRxPMckgZH9lDQ32kalQSbSCDo8vsho5TnBP0N5OwXcTbQ38d0fQnivgDQ8be7YFPSANTToC+LOQj1JOhLYw5BPQX68pgDUE+A/huYp1FPgL4gbzRl9xXQF+Pnrozz9Sjor8TBhxsnD4suH42NY6DzZXDfXp4f73815P7x+WU29LE8ZAS0WZAjPbz8aeE9ye/n91ktsZGcbxj0fOJ4+Hj1A640fvs2o7URChkGPTfnf/kzitjK68tdcIPFfNDzDPrhecAq+up+DjbvQbMeAh3PMeiH20DEVkKthA0ZyBDoGVFlJmSUxzBtD8WYAdDhxnH3ORsyyH0YlQwYiB90uHHc/F6CGeQ5xCMHDMQPOjR83z0vhAzyGmIi/nDuBS0DMb8tVTNJkIl4Vye9oAPXRV++Ahnlc7oPHgo6CcM8nzR6cjvdi2/92gc6bM38DJjBsCfdUYWBDlL03es5MIeg9qjaAzpE0efCHIDao+o+6CBFP54L869ff+arug86RNFnsedKnmerugc6JIB/IaT4ZIqve8G8BzqAo7/Mzx25nzDrHld3QZtpzG+hqXOwTNF1t/Lqgp6uV+6+FLt78vj4+emNjI0p79YwXdD99E5xvtMgBef0ZUhVFSavz+8PNaxuAi8iU6dtbBx0xw0T2c4N4aP3QQz3b/7U+t378e+PByYSY8sNSEG7SZpp5podV+yA7oy3/WUGDd8NG/QLFDEe/n6Ej3uz83hTb53Q0I/uEYBu5ZqdEqaNK+7OEdgEsXtWfTLM0I+bokw939+o2OzatcLvG3dHPJaSto2YrqIx+28OIx4B7Y2GaFHVGsjNIOZfN9CR6P/gN465bA3m9o7uY5miimNiQtHdqNgG7a1YisZgMKy83vSN4PX2Extm/fj+gUpTd81PaB3GNPqaVHSngmmD9paGplEyQqKEoeADLfvjBf59iyjvb/C7GNwY3fT1+eUtBbN6wxHe3wk027fH288bq+0XQtC8L8l7vqS7k86GQXvLrJ31FZHD6CV7g6CbZeru8x4U9p8PGMD74+1/cylw053avDy//E87yjHFw8fjB6MxwyA4+yDbQMztDRgSQ9qusfGMJgcaTGSe1r8ZAq19oCV2qrLqF+/IoNWU7USUKTt3iqZT2U13maROEqHLUzSTb2TionvLWqFZVqSXSvivJii02ltNsh4E7cs7FDaARhgX3NqesYNLMeYDNoWYY13gd9iPKakZ1uoGB1JugEJuYOKythWWSFraOhR2lMMAYsacbl2IbuUfLdA+RYN7KZbZnlALoCkaPTYvALjE2dYMhlLgz0w1cCWJ0Uxzy9PbDfBfdwkZIOoN4bR2EeNwBd4ElTt9mv0h0D6TZugSpdOOBFdjVtHYvCQGh/8q0kSqayWqInPWZjoYZW8+BdqvQ4faLaBpU1q7VycXlQOgfXcroLUUp4asEHWirUoQFLcLQNq2aU6AKMEhZxMdGuV91WSgFadotCjjzJeGn5yIqxwA7Vl0JP/IHAGBMQiaTItZWnDCfVVgbxmZAsuNtFs6TSfX7Ss6xU+sosluhdVE4iahzjrFAGjP0j9qCn+u3GBTUjRhhr5MhdkGFjsUrU/bvp2i64ZVX9EJDAsNAr6MSdGixpw206h0AHQfM2nKOAvApq2ipfUAXmNWthtWVDvSY+t9xMAwWOkmuWhbC2PYaEHk6TQhSBOEGXyxyTN+0NmmJxjNeEWWMIelRo3aRIBjwujcQNfTxHiRUO+x9U5NYGKn+ryVkrEsTomLiEop6YtJ0dK12eLGzAvaU9LCD1nioFE+EEcJEShOnKrHWUeGMqPIwYShizAucQqk9cQ1OsHRCHRD4g/kCxyjsTpKsy6fSy/ofjzkOFHGWXSC9goaRcVRKChr9VrTFdmpHWas+ZTo9CdWanUCqpUptiEt8KSKVDsbmZI2n+tA0NhKpU90BLAygxpIpfWeKqnJ4H85xetM71J3qcTL43ae0eAOnMFYJdA4t1h16lQkNzhRvf2hftC9IK6ct+VuLnNbYGaMbLWo13WgN21jeR37gAm0jbxZk5NOfkiWnlIKLimqCpxKTopGQ8h7a0Y8DDS2Yp3J9mFvooKl4QyATpL6dzHOgz5NJ9qQIiNsb43LqmtwD16cUkqgKKoKjL0ZWXTUSAYmQXfHZkkVyaPE3C1OU4eZLEaceB3spGharsKZLFOPyVVugFOGcQgHQVwkLB3aCOLfa6m8oLu/Kkj5FakDKXCL2bKtqSkSnb/APWWoVOUeZbGhuRtj8TOxofkvGbWtlMNMnI4OY7S3FGkS9QholhM/kSYyCmyOhSC7ZOkpwgpE2H7OKUO0Rd4PsdXWTLdzvMzJ20uLSYCzjdzuCQJdd+RWafAv+wfj+E+tEIWGlepSWinFyMIrE4lMiuZoWG4NS6EpFSO7CGaBPruw2s1GIDLTpeAQ0K2HhVjoRmQVcINaVwV0q9XOlUUvbgSA3rVKc+1LAX2SWBLiI487sLiK5brJWEmbvrIemwWAls0ansV9B+E+y2WOiOXIDQVRqVQ13Y7FrUWDtJ+/TYNOge4KbFyjm+io4JglY3w1aiN3WAK2WmUWZBkJ+iEYJM8z4138MVVdkDTjmXZXUmNclf1F52nQiQEDKWgfdlKtAuRYEpqIp1GxQxLGPguaA1bCWNJ6ibUsSmTvDBPRFGlX5QifaVtN6p6iT1da/JGO+1M1CRpdREKIxUpL6yyih1ChakmxaksiiUG7hDI9t3WSiTWPZa4NqisFOAnHyKKhTRNTOp/gryBySri6XsqoFY1XFnilnQADZXg/UZ4ELSLIinQa01KPs2hcvaIsIbZpkEloCSeFXnIGeUlR666MACBHWNCQprw+hTHmagcTUqUfLG6Uj+ykdWot9iwrToI2kBNA1iw5jtipJIsyisLCproC5zCndQRBNQmr2SA2pVsRwOlKsGSAKkVQ7lfzkG7iOvFIgYMqe4vOQ6AbRgRuiDlBYn3FgBaUzWex9HPpHeZ9kEqKBF1G22wjoXghotIW4TEk+VB8FQlMEeR0GOvTmodainZX4rV5XXK2xZ8wNVw5MRaGQooQ8I2IMDunBWXhSivK0zJTYC+7yK64pKCobJPFVosC4WLWHMUZ0lyCq3sV34kmPWjqIsNWDa1kecLCVD6NbmisYUDnmcG8zqbCCtI7W+bSOgq3bp7SchPOSEKVMBROjEqulLJmHdHkYD7Ka74zzS1H9soSZ5HTDz13Bv2gTyMHNxSU0KHrc7SADHJkTUFGOFOMsXkJhuBSPLT1IsclshxsIKNhJTa7jWMcGc6G4ZUh82aU3uGUIB3SKmYaee8MTtWIGdZqKV5eEgOhngh0HmlTrfMiiUUZeCFgJsfJ7Q+RCPB/oSpRSCloT/ARMBEQoqz0m1d/sLS6Ev7KoBNOlKV69uEHXTMjj3bM3XRStAaf0Idml0dZ4VRl0G/BByXGngRHpKLIWTKHzvOSVq+xzRyngwOJYVXm6huFvMbxLlQeVVfKGMAkMH5c3OnnDf4lhDoscw3BC/9IssYSIi5MlBDUmO1Uk4lgyQJAcAjV6lGR2IU3KHWsOmNJd9REEZV1UlTd+AGcmbtS2fodrsuw7urRh3+xpp9QY3bPisF8DfXGNFJKgvauGzOaUnQTeCmjNcWcYxKVNhdmOd7S2GjurmR4NsFOA7lozVLdM4/ID/p7HlqoSxz2pfaHFiBDtxBeOTluG1J9eDUDyNVV+FVDS72TjwBsrw//BMrhupJtS57sh75LxvseWlSf3Pi4DYW8SMb7Hrp9MVnaHg8nJR2sEo+NuYW/ttvguejK9Xjf0RDoszzG7kN9uH6qzH5hq8O35Lw3P8dlb/2xtuAu2ieYi4U4WzJ88zN0Ny9APSLQCVM4XO3PAhhl+Daz/4Z+W47bp/lmS5OAFmJ9YD8b88gN/QCmno13eB4qPjwGmPrY1onpLZtP50Pdkgnlj21S8VRmHdkfTmoaiR9zLWiC70a3A4U8KbKfNEnw0n7II9Y7Xg3IRJOjG68WPBi3b6YhQzp+Os5utyXjW9xC+MPKFUIMnPwDqnjfGGM1ymNYtJnYTBj2mNlxAeuNyHaqv6ltmwEbZDfHcyIGeZrqcGqDbEj+sf+yng815TxdTzLH9FbkIFc8Hr0ubz88Dg3psL2iC2fHw+lN34EPjPgEM5Jxaz80YmBwyhewvT700RwH88ox3exwUsm03kMeZAhU9f48FDLJHGGPjASqepxCniYrGJsITGMOfDgnUNVUMPYSj62LIx53PFwHR5OGBD4GFWrVx60/OO/7qQcQxzyoJwl94GxRrWjrLr9DHpanHsGP9oWXXYQWeG6aOw5V6XJa3QlqPfwhyvDTJvahOVN/FEExZsbjqjMeDK5YAr2Mot0+bEXnOgjzrAeD5+TV26dtIzJfHQcKsutjnZMegxlk1iPYs49QIcMeNZUlzjjzYfd5xwoEJqvWGcPJb/axAjMLL+uQh4ogBldG/zk8hSd5sw9wmH1Uxv44MP9NG59VKy44KmP5aUanpBNz1cMyxAsPJVl0/Mt+gDsOAyF/WJYd/7LwoJ1uygoEvmjddOFBO1850ihwEWZYFh9ptM7Do9Z5TNc6D0Rb5dFz6zzkb53HKa7z4Mp1HhEarfIw1midx96u84DhdR7lvM5Ds6NVHk8erfMg+GiVR+5H63y5QbTK10igrPCFHeeEfcFXo5wL9oVfQoOywtf9oKzwxUok63uFFckKXxZmZXWvZatk8gV44l/2ArxastaZEyT0qkH5L33V4CXlB/Sl5Af0peQH9KXkB/SlZJWg/w8Yqu5Lcvc3FAAAAABJRU5ErkJggg==	5	15
\.


--
-- Data for Name: NewsletterPreferences; Type: TABLE DATA; Schema: stakeholders; Owner: postgres
--

COPY stakeholders."NewsletterPreferences" ("Id", "UserID", "Frequency", "LastSent") FROM stdin;
\.


--
-- Data for Name: Notifications; Type: TABLE DATA; Schema: stakeholders; Owner: postgres
--

COPY stakeholders."Notifications" ("Id", "UserId", "Type", "Content", "ActionURL", "CreationDateTime", "IsRead") FROM stdin;
101	11	2	You have received a new message from pera	/profile	2024-01-16 18:57:43.879382+00	f
102	11	2	You have received a new message from pera	/profile	2024-01-16 18:57:47.792932+00	f
103	11	2	You have received a new message from pera	/profile	2024-01-16 18:57:58.86093+00	f
104	11	2	You have received a new message from pera	/profile	2024-01-17 19:29:03.135253+00	f
105	11	2	You have received a new message from pera	/profile	2024-01-17 20:33:36.254524+00	f
106	11	2	You have received a new message from pera	/profile	2024-01-18 08:14:22.915971+00	f
107	11	2	You have received a new message from pera	/profile	2024-01-18 14:14:45.99882+00	f
\.


--
-- Data for Name: People; Type: TABLE DATA; Schema: stakeholders; Owner: postgres
--

COPY stakeholders."People" ("Id", "UserId", "Name", "Surname", "Email", "ProfileImage", "Biography", "Quote", "XP", "Level", "ClubId") FROM stdin;
6	6	Milica	Mikic	milica@gmail.com	https://www.svgrepo.com/show/384682/account-avatar-profile-user-10.svg	Discovering hidden gems and local flavors.	Travel far, love wide.	10	1	3
7	7	Stefan	Dragovic	stefan@gmail.com	https://www.svgrepo.com/show/384683/account-avatar-profile-user-8.svg	Adventure seeker with a passion for photography.	Explore the unexplored.	10	1	2
8	8	Tamara	Tanackovic	tamara@gmail.com	https://www.svgrepo.com/show/384680/account-avatar-profile-user-4.svg	Making memories around the globe.	Travel is the only thing you can buy that makes you richer.	10	1	2
2	2	Mika	Majkic	mika@gmail.com	https://www.svgrepo.com/show/384674/account-avatar-profile-user-11.svg	Lover of new experiences and cultures.	Wander often, wonder always.	10	1	1
3	3	Ana	Hristic	ana@gmail.com	https://www.svgrepo.com/show/384674/account-avatar-profile-user-11.svg	Adventurous soul seeking thrill in every journey.	Explore, dream, discover.	10	1	1
9	9	Nikola	Caretaker	nikola@gmail.com	https://www.svgrepo.com/show/384677/account-avatar-profile-user-12.svg	Embracing the journey and the unknown.	Adventure awaits, go find it.	10	1	2
1	1	Pera	Perovic	pera@gmail.com	https://www.svgrepo.com/show/384670/account-avatar-profile-user.svg	Passionate traveler exploring the world.	Adventure awaits!	1210	2	1
10	10	Lena	Antonic	lena@gmail.com	https://www.svgrepo.com/show/384673/account-avatar-profile-user-5.svg	Exploring new cultures and making friends worldwide.	Adventure is out there!	10	1	2
4	4	Jovan	Zdravkovic	jovan@gmail.com	https://www.svgrepo.com/show/384676/account-avatar-profile-user-6.svg	Traveling the world one destination at a time.	Collect moments, not things.	10	1	2
5	5	Marko	Markovic	marko@gmail.com	https://www.svgrepo.com/show/384678/account-avatar-profile-user-9.svg	Capturing memories and stories through travel.	Adventure is worthwhile in itself.	10	1	3
20	20	Bogdan	Bogdanovic	bogdan@gmail.com	https://www.svgrepo.com/show/384683/account-avatar-profile-user-8.svg	Overseeing and organizing travel operations.	Wander often, wonder always.	10	1	3
21	21	Lenka	Lekic	lenka@gmail.com	https://www.svgrepo.com/show/384671/account-avatar-profile-user-14.svg	Administering systems for seamless travel experiences.	Explore, dream, discover.	10	1	2
11	11	Petar	Mitic	petar@gmail.com	https://www.svgrepo.com/show/384672/account-avatar-profile-user-7.svg	Seeking adrenaline in every corner of the world.	Travel and make memories.	10	1	2
12	12	Jelena	Jovanovic	jelena@gmail.com	https://www.svgrepo.com/show/384684/account-avatar-profile-user-15.svg	Creating a tapestry of travel experiences.	Adventure is calling, answer it.	10	1	3
13	13	Miroslav	Jakovljevic	miroslav@gmail.com	https://www.svgrepo.com/show/384675/account-avatar-profile-user-2.svg	Chasing sunsets and collecting stories.	Travel far, love deep.	10	1	3
14	14	Sofija	Kostic	sofija@gmail.com	https://www.svgrepo.com/show/384671/account-avatar-profile-user-14.svg	Connecting with the world through travel.	Wander often, wonder always.	10	1	2
15	15	Aleksa	Popovic	aleksa@gmail.com	https://www.svgrepo.com/show/384670/account-avatar-profile-user.svg	Discovering the beauty of diverse landscapes.	Adventure is worthwhile in itself.	10	1	3
16	16	Sandra	Maljevic	sandra@gmail.com	https://www.svgrepo.com/show/384680/account-avatar-profile-user-4.svg	Sharing travel stories and guiding explorers.	Explore, dream, discover.	10	1	2
17	17	Kosta	Petkovic	kosta@gmail.com	https://www.svgrepo.com/show/384678/account-avatar-profile-user-9.svg	Guiding others to the wonders of the world.	Wander often, wonder always.	10	1	3
18	18	Dragan	Ivkovic	dragan@gmail.com	https://www.svgrepo.com/show/384674/account-avatar-profile-user-11.svg	Crafting unique and memorable travel experiences.	Explore, dream, discover.	10	1	3
19	19	Dragana	Matic	dragana@gmail.com	https://www.svgrepo.com/show/384682/account-avatar-profile-user-10.svg	Managing and ensuring smooth travels for everyone.	Adventure awaits!	10	1	2
\.


--
-- Data for Name: PersonPerson; Type: TABLE DATA; Schema: stakeholders; Owner: postgres
--

COPY stakeholders."PersonPerson" ("FollowersId", "FollowingId") FROM stdin;
11	1
11	3
11	7
11	10
11	13
1	3
1	5
1	7
1	9
\.


--
-- Data for Name: TourIssue; Type: TABLE DATA; Schema: stakeholders; Owner: postgres
--

COPY stakeholders."TourIssue" ("Id", "Category", "Priority", "Description", "CreationDateTime", "ResolveDateTime", "IsResolved", "TourId", "UserId") FROM stdin;
1	Bad guide	5	The guide was not enough informative and engaged during the tour.	2024-01-02 17:49:12+00	\N	f	1	1
2	Bad weather	3	The weather was very bad, which affected the tour.	2024-01-02 17:56:20+00	2024-01-02 17:57:29.23+00	t	3	1
3	Transportation issue	4	The bus was quite late.	2024-01-02 17:52:25+00	\N	f	2	1
\.


--
-- Data for Name: TourIssueComments; Type: TABLE DATA; Schema: stakeholders; Owner: postgres
--

COPY stakeholders."TourIssueComments" ("Id", "Comment", "CreationDateTime", "TourIssueId", "UserId") FROM stdin;
1	I suggest that you find a better guide, because this one was not really helpful.	2024-01-02 17:53:40.583+00	1	1
2	Next time, please check the weather forecast twice.	2024-01-02 17:54:43.09+00	2	1
3	I hope that this will not happen again.	2024-01-02 17:55:12.28+00	3	1
\.


--
-- Data for Name: Users; Type: TABLE DATA; Schema: stakeholders; Owner: postgres
--

COPY stakeholders."Users" ("Id", "Username", "Password", "Role", "IsActive", "Email", "IsBlocked", "IsEnabled", "VerificationToken") FROM stdin;
1	pera	pera123	2	t	pera@gmail.com	f	t	token1
2	mika	mika123	2	t	mika@gmail.com	f	t	token2
3	ana	ana456	2	t	ana@gmail.com	f	t	token3
4	jovan	jovanPass	2	t	jovan@gmail.com	f	t	token4
5	marko	markoPass	2	t	marko@gmail.com	f	t	token5
6	milica	milica567	2	t	milica@gmail.com	f	t	token6
7	stefan	stefanPass	2	t	stefan@gmail.com	f	t	token7
8	tamara	tamaraPass	2	t	tamara@gmail.com	f	t	token8
9	nikola	nikola789	2	t	nikola@gmail.com	f	t	token9
10	lena	lenaPass	2	t	lena@gmail.com	f	t	token10
11	petar	petarPass	2	t	petar@gmail.com	f	t	token11
12	jelena	jelena123	2	t	jelena@gmail.com	f	t	token12
13	miroslav	miroslavPass	2	t	miroslav@gmail.com	f	t	token13
14	sofija	sofijaPass	2	t	sofija@gmail.com	f	t	token14
15	aleksa	aleksaPass	2	t	aleksa@gmail.com	f	t	token15
16	sandra	sandraPass	1	t	sandra@gmail.com	f	t	token16
17	kosta	kostaPass	1	t	kosta@gmail.com	f	t	token17
18	dragan	draganPass	1	t	dragan@gmail.com	f	t	token18
19	dragana	draganaPass	0	t	dragana@gmail.com	f	t	token19
20	bogdan	bogdanPass	0	t	bogdan@gmail.com	f	t	token20
21	lenka	lenkaPass	0	t	lenka@gmail.com	f	t	token21
\.


--
-- Data for Name: __EFMigrationsHistory; Type: TABLE DATA; Schema: stakeholders; Owner: postgres
--

COPY stakeholders."__EFMigrationsHistory" ("MigrationId", "ProductVersion") FROM stdin;
20231223093646_Initial	7.0.5
20231223100122_lmaoasfds	7.0.5
20231223101244_sdgsgsgdsgdssgdsgdsg	7.0.5
20231223101739_sdsfsddddddd	7.0.5
20231223134550_IHateMyLife	7.0.5
20231223205349_dzfzdf	7.0.5
20231227182443_'klsdf'gd'mfglmdljglsdfgsdlfg;ldkg'emgkgfjk	7.0.5
20231227221313_ddddddddddd	7.0.5
20240116172708_mrzimsvojzivot	7.0.5
\.


--
-- Data for Name: Bundle; Type: TABLE DATA; Schema: tours; Owner: postgres
--

COPY tours."Bundle" ("Id", "Name", "Status") FROM stdin;
\.


--
-- Data for Name: BundleTour; Type: TABLE DATA; Schema: tours; Owner: postgres
--

COPY tours."BundleTour" ("BundlesId", "ToursId") FROM stdin;
\.


--
-- Data for Name: Equipment; Type: TABLE DATA; Schema: tours; Owner: postgres
--

COPY tours."Equipment" ("Id", "Name", "Description") FROM stdin;
1	Backpack Explorer	A durable and spacious backpack designed for adventurous travelers, equipped with multiple compartments for organized storage and a built-in hydration system
2	Camera Maverick X500	The Maverick X500 is a high-performance digital camera designed for capturing stunning travel moments. With advanced features like 4K video recording and image stabilization, it's a perfect companion for any explorer
3	Sleeping Bag ArcticDream	ArcticDream is an insulated sleeping bag built for extreme temperatures. With synthetic down and waterproof materials, it provides warmth and comfort in the coldest environments.
4	Trekking Poles TrailBlazers	TrailBlazers trekking poles are lightweight and adjustable, offering stability and support on challenging terrains. They collapse for easy storage and feature comfortable grips for extended use.
5	Camp Stove FireMaster	FireMaster is a versatile and compact camp stove that runs on various fuel sources. Perfect for cooking meals in the great outdoors, it folds into a portable case for convenient transport
6	Water Purification Bottle AquaPure	AquaPure is a water purification bottle with a built-in filter, ensuring access to clean and safe drinking water wherever your adventures take you. Perfect for outdoor enthusiasts
\.


--
-- Data for Name: Keypoints; Type: TABLE DATA; Schema: tours; Owner: postgres
--

COPY tours."Keypoints" ("Id", "TourId", "Name", "Latitude", "Longitude", "Description", "Position", "Image", "Secret") FROM stdin;
1	1	City Center	45.2671	19.8335	Start your journey at the heart of the city.	1	https://wallpapers.com/images/hd/romantic-eiffel-paris-babqqvmcylchhb6i.webp	\N
2	1	Historical Square	45.2559	19.8442	Visit the iconic square with historical monuments.	2	https://wallpapers.com/images/hd/pont-neuf-bridge-paris-pplxpwfuefxkceka.webp	\N
4	2	Alpine Lake	45.2559	19.8442	Scenic beauty of an alpine lake.	2	https://d1whtlypfis84e.cloudfront.net/guides/wp-content/uploads/2019/07/23090714/nature-1024x682.jpeg	\N
7	4	Dance Clubs Hub	45.2671	19.8335	Explore the city famous dance clubs.	1	https://d1whtlypfis84e.cloudfront.net/guides/wp-content/uploads/2019/07/23090714/nature-1024x682.jpeg	\N
8	4	Street Performances Square	45.2559	19.8442	Enjoy live performances in the bustling square.	2	https://d1whtlypfis84e.cloudfront.net/guides/wp-content/uploads/2019/07/23090714/nature-1024x682.jpeg	\N
9	4	Rooftop Bar with a View	45.2671	19.8335	Sip drinks with a stunning view of the city skyline.	3	https://d1whtlypfis84e.cloudfront.net/guides/wp-content/uploads/2019/07/23090714/nature-1024x682.jpeg	\N
10	4	Historic Jazz Lounge	45.2559	19.8442	Immerse yourself in the rich history of jazz.	4	https://wallpapers.com/images/hd/louvre-museum-pyramid-paris-night-mbv6vrb3q4npkh09.webp	\N
101	101	KP1	45.25999934330394	19.801879996641503	Kontrolna tacka 1	1	slika.png	DEMO
102	101	KP2	45.22488208979531	19.83133281948907	MOST	2	most.png	JUMP
3	2	Summit Viewpoint	45.2671	19.8335	Breathtaking view from the mountain summit.	1	https://www.google.com/url?sa=i&url=https%3A%2F%2Fcityfurnish.com%2Fblog%2Ftop-10-beaches-in-india&psig=AOvVaw2CY4b3sv8VDDl9idmr1xSF&ust=1705616673101000&source=images&cd=vfe&opi=89978449&ved=0CBEQjRxqFwoTCMC3p7K75YMDFQAAAAAdAAAAABAD	\N
16	6	Royal Throne Room	45.2559	19.8442	Experience the grandeur of a royal throne room.	2	data:image/jpeg;base64,/9j/4AAQSkZJRgABAQAAAQABAAD/2wCEAAoGBxQUExYTFBQWGBYZGhoaGhoaGh8iIxodHxsaIiAgIh8gICsjHRwoIBobIzQkKCwuMTExHyE3PDcwOyswMS4BCwsLDw4PHRERHTAoIigwMDAwMDkwMDAwMDAwMDAwMDAwMDAwMDAwMDAwMDAwMDAwMDAwMDAwMDAwMDAwMDAwMP/AABEIALgBEgMBIgACEQEDEQH/xAAbAAACAwEBAQAAAAAAAAAAAAAEBQIDBgAHAf/EAEMQAAIBAwIEBAQDBgQEBAcAAAECEQMSIQAxBAUiQQYTUWEycYGRI0KhBxRSscHRFWLh8DNykvFDU4KiFiQ0k7LT4//EABkBAAMBAQEAAAAAAAAAAAAAAAECAwAEBf/EACcRAAICAgICAwAABwAAAAAAAAABAhESIQMxE0EiUWEEFDJicYGR/9oADAMBAAIRAxEAPwDVtT1VUpaOZNVumvUPOFr09VhNH1Kehmp6Jik09RNPRIXX2zWABmnqBTRjU9RNPRowGU11uiCmoFNGgEaa6Mor3nQyromhOiYLKaR894WDPrrRUDI0NzbhrqZPpnfQCYxk1WyaLqJnXU+Gun20KALmTUWTRlSnGqrNAIJ5U6nR4J2MATo7h+AZptPz+Wo8I/lsCQd9AIPxvL4A7kYONUUOWlpMEfSdbTlvCUqyliudE8X4dqlWYKEQCIGJ/wBNTckimDMDS4eDdbI99EpwDghogd9aMckaohAIFhEEgzPyG+tNwfg6iKQFV3YxMzEH5D+RnSy5EgqDZjuW8lq11lVIT+I4+ue2vnHcgcLdHTmGn7GNbXm/NV4ZVoimSgETGAMAT89fOVKKw+EQu0jH0Gky9lMUYXgZpCbp/wB7a1HhTlNN3NaoucRO2c7acU/CtK8VDmOxiPcxG/z0XzviadOkdpAwP+2g5XpDJUKudhQxVQBPfWV4o06bfh9TdzqHG83q1CVWfSf+/fWq5byfh7AadKahAJLm4j5k6PQOzN8u4lVl6wgsYWe2j/8AGKSkJTNzMQCQNvtq7nHKUMXMZ75/SNtK+Xq3DVb0MKemDBu+nbWMPOJ5PSUeY4vqNuT/AG0q/wAMpM99QgxgKPhH9zplzXm6qhLzPbB1jOK5ixbAxM50FYWzR/u1D0/XXaz3+Iv/AAj7a7RoFnoxTUGp6KKa+Gnq9nKAvS1U9HTFqWg+MMC1St5iAWgkSLo94n6xo2YF8sTEiYmO8esenvqivxlJSVZ1uXJE5G8fU2nGg+DWKrhgb4uDHJgqBJ2xcpED0G05R1eMuaoYwWW0RuYKqJ74uE/10MxlCzV0aivNpmN/1/trqqhRJMf7/wBNJeSqbjvaLQSDJZhefU9TOJ+47DRfO+YgKAw2tLYERMNknEiQvz740ynoVx3RfRrI8hWmJ7EbYO43EifSRO+pGloGwU6VNjhio+GJ7XkwCCSWGJ9NyNW8PxQkMJj8w92MsSeyiZETOM6Kn9gcQlaWrqVLOonilutjuRPpEb/WftotE1RNMQnwqQY0RWpSCPbVKgjOik0khkzE8Xw8MR76pCka0XPuD6g/Y40tocCzmFBP00fQPYpdNctCT6D11pOG5WX6BStM5Mn7ZmPpo9/D1MNYE6gASZJgaRySHUGwXw3yWiTfUMqItE/F7k+ntruY+HqTVJojpxImYPzPb21fzjg6VNRTpKwJIBJYx88n21dy7lxKgls/5du2/rqf91lUvQHwPC1OHqXMysmCSPyjvjWo/f6bKYMqO520m4jhzMtkTE+g/md9M+K4dBQeFBlT8Xr/AE1OdNqykddGb46vUasPKiR/AMT223OqOJ8T1VdVYE29tpO22m3hhwFJI6u5jYemkPMqQbiZqGULSfWPn2GmS2K20jUo1SrSnyAQROSNVmsaShMBiMAHM6s/xaqQqUqfScBoxqtOUBqq1mJJG4nGpr9HJUBxZgStp3JO39zqfHIqwrNcWMSf7abCAMA/bSjnXHoIG79gMnQTthYi4/lFJS1RZuAwAMH5ADOm/JuFqCl3DQMtj+WruSUahJNRQPSd/pHbVvNOOtIRBJP2Gi/oBnON4ZhWDVXVhOwM/wBNaKgtIoGFMErkY20LQom4s1pbtjYevfR3GVTYbYXG/wDvbWZjOc45xe9lskeg20u4jhxVx5cn1Izo/iK7SAq/UbaktSqOpmGjRrAByA/wt+uvuj/8VT/zX+3+mu1qNo1Hl6mlIbnbX28AScAbk9tKedc0WKW2XkAgkStwzBE5IgesHQbfogkhi7KZjsSPsdZbxLTLg1VeFwk7WsriGJGyhsTJi7tme4Bnp1mR4LBhB/iUgsxLfwy0AYE43Oieb0EcKXWUaQSrEwGByBgzkGBjE9tMrSNVMS0QrNfIh6dhKzItDFexkkIxu9d/ddw6otRzhnpo1gEwSXtQmBIB8yocgn5Rk6rVakryReJZCFGSB3EYwXuj2GIOlvCUCagBFoKq6zMi1XMEQICxBPpgGdYohlwXCNHlKxlVEnO92TKyCsZnvI9BHce4RaamSUKK0DOagJEgkkZYYBkkHvozh+hmmTcjM2/wSgifWSZOO3sNV1+FFtRgMX0lAOR01B2JHYGJxuPQ6f0T9iznXE9VzYEkbYAm4LB+RwdyMxpnyemxpuxgggVC5PoSVEDtH8tK+LQM0XEnfqJADQs75k27H202qVRTphFBYlioieq3ME53GLfVhsJ0E9mktJC3l3FM0nAiZYHO+wzuWb1iY9NNeD46aihB0IoVQAdyswYmIgfbSvlfAMQu9pLjAHT2JM+ojc4Mz6ljwnC9SC6KnxH4ixBHrdv2wATGmUtAklZolTVtIaDq8fRoWLUqolzEfiMFJgMe59YEn10w4dlfqQhh6qQR9xreRdEkmtg3M6c0yNU8m4qnSUzgzOmVenjSetSmcRqkKnHFhcsXaGq8zpmTdB7aB5hzLMqczvoM8OluZnV/CUbVuFxz6f7Ot44xHXI2VV67thqck7fT331bQ5VXnpYAEbEnH99M6dN2UO1OCN5/p+mhqHENVOHt9F7n1xqbl9FEvsMNOnTp21GFxG/v7aW805gQmCYJAB9p9NH8Zy12pkOVncZM/wDfSbi+W1WVaaLIJkHOY9Z2+ukhX2NKwvklM1SYchTuI/rq1ORrSrhj1I8zMmI7D+emnKOWrRUdPVAmcn+wHy0VxlRypsX741KXI3Kl0Oo62fXq01ECPkNKuD5oHcwMemhOHqt5jICAe5bfR7cOnxIhYjuBv/TRwUezZWMwcSY1neLPmVQVIBB31ZzOvVgQekBrrQWAA327j030poczRCyXSynOwIAie5E/6+mjFJK7M7b6NfQ4aFJJLE/7+ms0/As1ZnYRHwqTJX7au5Z4pAuWqpw1oIyW3gAAmTjJMfLT3geMpOC1OD67b/TSKTVjNWCcqVUu3LHdmBH9I1CvTD3XAsR9v7alzerVYELCD+I6XtzMhQkzj4jA/XTJexW/QPy3gjUdg0IF2MzPy7aJrU6YhKaGo8gFt49/bQrcQy9Jw2J+pEd+4zj01oOXV0WBiW2943+39dackgxVgv8AhZ9Tr7pj/iNP1/TXzU85BxQm47idp6gGUkT/ABYX5dQ7x89KqlG8NUVZ8ti1pk+smIzMfCfQHJ0S3DVHmLXUAggyrAzgCMdJysnI+YOhOQcWodr+ib3VTMyGhiYkliYmPlE6sc1FXG0LhUqAllQ2E3Z/LOBBwyjEGbm77x4TjAlpZpmFO5DSQ3xbC2RIB2PeDLTheBGUIgQrbAEzMLb3I6d+wHvpTxHBWs5VhkK5Tupx2zjvEGLY2MApmCAQzFqYlltY3EMHpGZuGWM3PjYHPsUHEcEoaqewdmpMZtcLw4NuNnW1lyR3jYw04qt5QuXemHUGbcFlB9gcRbgdInMWqK/MrqNUKJuYC47q4tIHoFPluR/zHaZ0JMeKY04iugrK1Rvgy0Qbzh0AMxbK49ZUYI18q0IFQlyBiowBwCqSJGZGxgY32AGl7VAUSAMqtlx3BJBx3+Hb39xBfAMWpVKhecN2xJUErJJzBC7jc6awOIHzDhlWoIJKqwJGwXLTByD0gn+vbRXH8cDDlmQGADDBhMSZmQQTEDcsPoramWq2pb1BsHadyvqSGZTOBtMRplwlA+cJItpB5ImLVw3YXSxKz7ERjSKVso4pIMM1SqpSYpDWgoVXsNmyQBkYx7Tj7zDjE4Wm9Zyy5yIF9R4AAifYgZAAE4UDV9LxNwzHiGZ7fJCrUjEkyIlYu6umOxAHfXnXNueVOLqlnlU/8OndNo7TJNzHcn7QI0JclIHHxOUqaoq5hx1TiKnm1DJIgCcIo2VR6dydyZJydU0KZUhklW9VJB+++rCVEKQIuKjIJJAUnpifzAYn+ep0nBxBU5wRH39P+x1zXZ3pJaDeF8TcbTEJxNWP85FT0x+IGxjto7h/2h8SDFWlSqfK5D9fiH6DSY09VVqP6aMeSUemLPhhLtI2fCftA4ZsVKVamfWFYfcG7/260HI/FPBvAXjKKSfhqE0zPoBUCz9J15UKPoCe0xP/AH/39aqlER2/v/s6r/MTapkP5WF3E9s8WVav7q5ouCLS1ylSGAyUnsCoIuxuMjQX7Pa1WojVHRD1FQ4YXMYE3AYAyDPeTjAnz39ngAr10WBfw1YEH80BWyMSQAY1oPDnjQ8BVWhXVTRqC8uogo5JFx/iQhVnuN8jZIyexpQXR6PxdOoYEoo7nePp66p4mr5cAG4nG3f5aE4nmXmAMpgRIM4I9fQ4184fmiBSDkwIxPrP9NXUJJI5nONjWlWcAXAT3zqni+PzEgaRV+a1M2mAfb/edG+HuVh/xKoJO6g7R6++s4KCykZTyeMSx+Xj/iETJBkmAfv20dwfMAVnpUCIyQBOwyN/lonj4sItuH8Mb/0++NYfnXF1VKpWWFICEYM4YsDB6Qcn07DtqLk5llFRL35kadRwqswucqbzu7SRcVlQWU9wM6S8bw6s5IDLiagGSIHrkk+4k4PrqdRYWUsVQCM5JDCd4JIPcR3J7YV8dzQUp6mkscsAVIlSNwBODIkRPpqjqC+QFcn8QPj+YVKlXHEMiEBAyBWhRcViYldyJJ7DJGnHLPFNG1KS1fLN6gqIORi8ZIK3SN8RMbaRcbzNKgekyBVpsyh4lmYEBzhh6bBSI7gkHS2ly+oj4UYHSJkGVERid5mZPTONRU36KOH2etcPx95Y1CKgAuEEMAI7nsSOoes+kaCHFfitVuFpW5OowoWBcVjaYJ7iB/mK4zkfiziqMNVozE4ta5hIMeYSVwBktJ3iI0ypVG4lPNrVaaB2FNKKlegy1ounJJX6D2iGc7QsY0w/nnMGqOLHNRiWGBMgiY9ACAFjtmcHRPC8V0u1S6nIUgzlVVs99wWKkjaVBOlXL+U9E04aoWIVbTKgAg9Z6LgskA+oOSJ1LngACQpWFIqUlzctsXiMWyApj+IzNo0LGaROpzPiJP4wXJx149vh7a7SXzk/87/2j++u0LDR6OlOqIgtcBGVLSYzkEx9e0DMYo4uktWmCD5cCUqqRAcHBJYSpxAJEGIzgaW8T48daSxQh7RORAZh0wSY9BkjJ7RGsVzTnVd6rKWbLLcpBClmutU5I/OVIBjpPz1Vtrs5owtj/mHilWZQri8NlwWt6wLwLh8QKjM2iCJzGieV8xUsylg19JlaSV/MLlBbBtDMSJEA7HtmK3GALURWKmAB2n8xggmQTEFhOCZ9Y1KZUdPRhcxkW4JUnMSzYPZho5UNgmaDibjWkEAOpw2xGc47gATjGewGgKHAkdLpdcWRnwbczaCItYq1Q2thjaRM4ZciajVIpm6/y5JHcEb3SJaR7AASCZ1KmSom+A5lS4ACVA7W4xMQJqDe0fPTSdirWgJOVVURapdggUN1KSKZOJKzJVjgldgxMd1o4DjCyw7BA8PObSBiCYIwtkycb4I0+4zjQtF6qqPNVVBT+De7ZRiQWkHtGRgrOF5eEWgxySaNRkWD5qMy3hpME9JmFByASdTboeO+wjhqDJSNa0ec5p0qeJtgAk7dgrOQAZtjOBoXnb1qSVPLQF2RwqgyVVATNxMMFukEAgliT3OiqPHXVZcswpDy6aoGN7NBYzEBgFUbzN8DTjwxwF7V+KclldQUByFpquAMDDEFtgSDnOSspUtDRi29nj1AlTlKvYzYSPurMST6n11I8dSDDqg4kMCuf/UBr0bjuX0rGNqiAfbOdfeC5NTZRIIMDYgztO8wcaPifQfN7PNqxSrTKXESysSlpPSrDse922+B6a+cPRKWlSxtWDcpUk3Ocg7GCBv2n116Bzrw3SRLlRD+XrQGZ2yLY2OCDv274mtypafQtRVwPVfiHaJ9fXv7aRwadDrkT2cOMt3WD6f7G/8Av5teW0vNS5JukRkdiCBkHIKz7/fSR6bimpNrXMVtMkmCREb+nz7a0fBB6T+U1VTABK2GUBE2lVk4m0esa0Ur2GXI2qRayIIuwzbR27YIJx89KuNQ+YYWBYpbtDEx9jjt3PvDjiOJpOQxeJG5pVkEb7sv6x3+moc4rL5DOoV6exZKitgmInsZPoP66o0mqJxk4uwXwcAvFqJ3SqvbvTb0+Wq/GtGKlMx+Q7ex/nnQPIearT4ilVaQiEycbMCuRvcLpMAzGO2ivG/MKFcUkp1VYC4sQcoem09WRi4e+oxWnZabTaaL/Cnic8MRRrFjQOxO9MnuPVe5HzI7gtKvi5P3laqE+SFNIiOpjJa8DsAAAAd7m2wTi0UABQ1w9T3x3ic/XRvJfDVPiFYGsFdSQqkMxt3BEVFjviCffVocslUSM+KD+R6nyvj6NRBXVw1KSJIgAjcEMBB/09dOKPPhCssQwBU+sgR/PXi/NuT1eHCUxVZqbX9CXksRBPRMkxaCZxE9gNei+HufU6gWndTdiBHk5CJ1RczGSQBk7k7DOrKam6kjlcHBXFjLi+YNVaHkZgkNGMY27+//AHB4mmji4wW9iJDKcfCILe8R/RsVQQAuNpgxnt776Er8SZtUXCMldhEbnEDPfb76OMUZTlL0JObiykSxZTcYZFBwxH5G+L4hiQT85GsXxWR1ENcLxtJe7ICHvBk/SQZGtNzjmFMlqUq1NpmxjAB9bSJILHK5BJE5kKqnDEFaYXy4Zt3mGJUKoAljk9gfU9tcnLLJ69HXxRxW/YMGtendbd5VMhiAc2wWgxLi04jETq9uc1QkPWZHvCghhcocVMZIsyuwJ+HYxkjnrVEruFZKaqJCYlSWKS5aKcdeFJIEqTAImgUuLVbBTRarMgVQqnZXJmEy0MNo+IAY0kVQ8nZXTas7Sru1Nes2kgJLbxuTaJ/6o3y78NcFT8xalRaoZTcFJ2LAgsXIxIYgQZEmRvoLg+GemoPEkq5UXGHN2AFW5yQBcKjdHTEARiNd4f5ffTJJCsGMA5HxYBlirFVxjI3mTqkWrJyuhly6kpAIJXpItEwDJwpBFwAGfv3Ok3iXltHpqMzKbrHJdso5AIBJNsMEPoADjaGnMblSy5clSApIIIImCYkHqJ2/MZzGs9405rSegiFvjMEiDDLgracgQWySSDGNjp24xRNKcpd6MhXbh1Zl8vh3tJFxUy0GLj07nfXaVcTzGsrssrgkfCnY/LXahmdGKNhy/hKVSlR8yqymJucyQwNqjfpa3qjYZOxOl3OwgqWllUsbl/EHUtjEHI6WJKbzkmcidFVuWV0LVkdEcjzHDAKLl6kC3MDI2ykfD6iYcLWjiKbrY0vLElYuYXgshiFGMKP4t4tNnL0RS9gTtTRwHiQQtzETUFw7dlEYxiScyTqzn3O1qrTpIqw5GVYYCqWJJj4RcSfiJA+5tbk6Q9F1QsTMhIkCnnP5TMMFuIwJOq6HB+R+Jw6UwE81Ba5ZrgGaQGaSkWjJtkN8yDWhr4BqimjfvZWlUVoDSbsqX2IMo2SCsgyQROna8NUuJklajsF+AnAmf4Q992DgdIMRrGPwZqeX+8WPUhprRIM9YBuAWesbgQbROMv/AA9xS0mIemULXEB7iCrlN2JYlhaYDQbWA08WJJeyvmHDhVSkrEeY1KlvJDeYtNsmYU0WYAHs32nzl76VKkDcy+aVIk/hh2sJ2HUqKFHe4bbaO53RIhyxUkzTCsCJ2LM25ZYQA9OTGwyV4f5SDWqzLojKt0lbnVQOxOFyYBjqH8Mam226KKksmBcnRUgUaasbBc6y2TcTc/YCSQJAMnKkCdjx/CrSoVIiAhCj0uFv9YHsNIuM5lRSrSpBjl1pgqpId2Msv8IgLLt2wBkmGfNXPk1TJkiiPpAP33++jKm0gQumzL8dRuQgiZIGY/MQI399X1K9PhkDVaiosgS5gBjOJj2PftqHFUxb6yy7iSIIP9P10i/aRxEcOgggNVggAAiEfPrMke2dWk1G5E1ukOeP5rSq0nNGrRqWwGKOrGGIHYmJMDWH55SIY2tbAKgQLipYkb+uPl9tGeAaN1HiyCRIoqS2Sf8AiltvYj9dS8SUCAkkM5uDyQMiGDFWFwwYyPbUZfKpFY60JuFdqal0ZDVJkERCSMwAIDZnGZj01qvAig02plQCuZIy1zEkknczP30p4vympcPRDCVtmFMgkC71mOobDZex1ovCXCIo8wK12QGJiVgfl2H2PfPq0F8kaf8ASHu1MMaci76f7jG+31xrMc44aotfzUFuCty7OLm6WBENjpgjtr4/O645s/DsPwyZXpOBaCGJxIkn5H00ZzjmanpsBqFl6UEnY3TtmfXedGbyWgR0xBzjlVMjzFlA5g09rTYSQM5W5SPaQM6H5Xw96UaZsKBLghpqYmZyVkiZ7nOnC8C4Msz52QkWrtvt1d8mBBO+ND1uFhbyriDBa2SCR7EmZPz3HzmUjG7L+E5BSqhgKVO/GbAJHfODO3fSvgeQOvEA/iU7HBChjspkbnYxn66d8DzOuqhUacGC6bRG0AGNxcxOR2jJlGv5jTbOZLH4V6TB98DEEA7TMS3xpC/KwbxFwhdUe3zFE9F1mCLj1DIYkKcmOnOJlh4YrUKfCPXoVL2CBnpNUNyFeo9BboQST0qJGfQC3i6H7xSNESoYQLTlTMra2JIxiJj13K/gfCdFR01uItukqmC3TFhK9sHYCFgYjJc92hcHVMd8i5o1VBdVCkglAQsyDaemFxM/Fjpwd9OaPM6NlodLpWUZBIJIHwnIa5l6SJE/MjArXNNragr1OHYlSBaVGQZ6EgsZb57ZAk6ej5T2tSqVjTJLshabYDYjDITHp3wpBJUK2aVIX+Nq6rA4dKK1nLeYUoKXqEZUGaZjaWMxF2cTpF5f/wAsCxuaiWRoUhfKqEMpm2XKstpiZuS6TB1svEHl0qZrqlMkGALrCzGM5yWkkwCJiZBEHOcHzG8+VU6S622sCVBglYkkL1BD3EAfWU1TKQkpIosPmq7za60yxMm5rVtmRGISZHbOmFFKFKiqpT8tYYAEZJAphmJDwzbCT6xOlHNHc06TBgHstKkRLK7jEYIyMA/ONtX8fw34dP8AEKjy0LTP55IBGQTbGF9z30lNlLRDmHG3qAlWVGWkSZDLK9M2qQCCo7mTJ3M5Pz5EcYLwWFvVKkzJ6twZ9I22xpElOWgPTM9JyY3N2ImcET9ffVqVJAUpdBBtpuvVOxCmNo9ewjQV3o1m44bmlKpaSwDYhMEjC3iBkAAY7RB9RpF4nmoJUQcqwViYsIi5LsbEwCQMQcnQPLeJSiw8xWpm6ULZpsvpsIYBX6diFxsdO+aUFakmAGXBF3e2dh8WZHpt6xqjTcRLSZlq3I6TMWIaWJJwu5MnvrtaH9w4YYNVgRuLhj9NdqeP6Pl+COrwynGSIIwiwCYEiQSzTcN++N50Hym2okhYZrbvzFQoVVYyJCwAQREH01TX45mkEGn8bk73BAxI3BAxGDIIHyLGmgFIN5luRA2GFOQvVJhztnMkSBadm0ynhaqwGqfGoInMEgXdlC5A+GN4j0F3D2squgtUzcRAvcFmNpi6Absx3wcYr43hSbQTf5gaADbK2mWMEwuYyASd4xptwvBJTpBLmyUUxmJhQNvhuAztvtpk62BlFfjqjUgogg9S3y0Qot/NJkSPTAznTNfEFB+HelU4ancyG0ghRtgkkEDADGTnq+Wg+Z8OCzAMwAhWM2xIJGY7QcDfadK3o/8ADVVFRmJQdMjMiSABGDb85EidMpsRwVmo81mdC5UkLeZLSFVVqBCCd5ZIA7wNo0bwvOUSlTpU6vUxvrN3ueTaJzcwGTOBmYyM7zXjAjlrpQtZaDMrJ6cZ+FBEYwJwNZHmHGwbnOdxnbuQM4gznvtEZ0Iy2GUU1R7Q/DCEqzkCVUQAFVHwo9JKTHouYA0R4krKtMyVF1ULkjZVI7+msx+z4MeHZ2ucvXRF7wgsxJOASxGtP4lRbUBTMscgZ2k74nP6aMNz0LJYxpmO5lxU1KNIMYvBJUHMkiAw2EEzkRGl37Q3uWiP81Q+uwQdidMeIoqeIQWriPoYJOZ3j+mj6dOmyggGCJjq/lPbXQ45pxJXVMReAaINCuIw1QA9tqc9/wDmGl/PaLebJLqAWKXnCqCVC9cAKAHEDfGDrbU+GWO577sP5n3P30l8T0gopr5fQSbj6mcCSCQRvI+WllDGC/AxlcjL4CpYCztcsHsek7juQy/6a0VLxFSoU0plixVQpK+pEnbcTPUcY31VyGh5kwqjy4SQoBkzOydhaDonw54Q4WofNqqrFiCFMxAt/Kf+Vvu2li5LaGlT0yXAV63GFTRUlNppC877GofwkOxgsTntBi7mPhjiqRBQ00DrlSSzSpkkuoxddbAJwu+Wlp4p8S1OGfhuH4axRJeoSsgIDAVV26iDJ7CI30755xQqU+HqgYdSwHpcFMf00tyctsaklowlajxNPLUqJAyetxAz6z7/AHPsdKuN5vEo9G6GW5FcB5bEgFRgGA23xhu+oVONr1+KZXqlKCs4WnMX9RtyJOZnfAEfIKpUfz6T1CITzKdxEHFJmUtGJUA5HpPfSzSXQ6Ul2bzkvg41LC7UkBElArVMx6kIuAdrWAM+mrPFvhCgOHIY8Q7UirgljAkMDaqwsmPT66wnN+MrPUVr3FKmrFYYqFYhpYZy4MGd9vfXqXJuZnieXB2kstgJOSR0EE+9rD650sI7TYZ3i2YIeHHVfNpcZxFNYDdVVlA7iQ2B230Mq8ZN9PmIqDIDgU3HqeqP998aN8XLUbiKdJKpRbCSqrvmSc4BgAfUnVXA8gqJVXiA5LMVFS8jrBjcAZNx3P8AOJtJRukiKbq2ys0+YAeaa9Kptl6a+wg2EZ2xq3hq/HUyGSjw4bIYgVELCZIIEyCwyDjfGdOq9INVo07KL1De6mopKoEgMbRAdoZVA2EXEGyDR4R4IvXrUag8mupBNNSTSqL+VkBEDtNlo2wMg5pRCrYbwdCtx1P8bh6Cw7UwyO5fCyYJQR1QDmcNjvpJz/h+HpNU6z5qkiLaoLElsxfcVgEdpzEQY0HGczHAgIFKCqzgtaCKbRMkbQTiIg4yNYjhq6VXNJgHplizs5YtOJK/lX4gdpaATGAqz1oEU+/RbzGnTqml5V3U7dPUQoJuaMFhI6hJGcTo11ZHa4jy4Fs4MIpUXSJuMps0tBjBGiH5VRHEUy1Q2VaYpjyyetlYiwE5DENsI+ExGqC0ybcLUDy5HUryDcVOSL0mIi30OEeh1sB4KowaCNxEkAEAkghpAtyP7RkaO5hy9L4qEIxB2UEEsAR0nJwWyNswZGojj4ZKgFIkVrGUgHpqZHcCegxOc2k9zKtxSQzCV8t6akqQQSl4YgFibZBgHJkepBTXY+w3l/CUKtGxlRkwpAJwwCsrRi1jdMEkz3MZjy2kqKKZLirBlgzdSgwXIki8EmSPRpxA1OlxKpIVgS4kZshgy2k4O0LIMg2/LQy83lmU3KSxIhQVAIyw3zjYj806Lla0BKmNYr9mpR2mJ+v4m+vmh/8AGaYwVrSN9j+vfXae19i1+ANLknDmjw9NkBrMXBZgQ2RUcicEiYBjYY9dU8otprSdrg3UTmIUGEAG2Y797c4gwoJ1CmW+CoxZrYmAwYC2ZkVFyTI74BOo80BppvE22rHxBZJkkn80LB9RgToOQyR8rcyprVaFcq0bYJYgE9Sr8OAPUSwxGKKvHPUcVDKgwxXdVBzJxkiVGR20dy7h5pAu7BpvLiJNMgKYICljJ3ickHaRXQ4IKJdSCCbAwOXXE5BYC4CdpM4IB0LsxRx/NDc4kMGIYMFEbEb5ziN8FTgGNQ4F2evTgn41jYqpUyzH5iD6YX21WeAYt8d74EArAMHMEklv0PvIgrl7CmozJUEgncm0iT2Pb66GQcQLxBTtCrbYomVZYnBIiCGHSf11nKrXVLWN1t0CAYLAxEjqPoDsc+2n3GZ8sMMGWJa4tmZkzk7AR7nM6XcLTpgX1WC57A5X09hBH6DQyM0eqfszp2cDw1zCGIfba1KhIPqeiTgHf2078UV1NmTBUkYM5/l8Oo8po06PDoi70qMEepsUE5yTg5n8530Bz+r1KDmKaKf1/vp+NtPIWavRl+L5vTp8RLMApByTkn0j5aIrc9phSQ4Y7QCJn7aP8NctpvxQNSmjKEqEhlmT0gGDg/79NT/aLxNGnwVREp01kqFtQCDes2wNx/X11TzuOkhPGnsBXntKMNcfQfON4jfQnHeJqFpDXCcjpDRgbxgZxv6n21neQ8meoisajSRPSYHxGO3ppqnhlgYV6tpIuN8XZ7iM+ufTTyc5LS0LFRTGnhrj+GgBKgJLScQScST6dvtrR+F0TyAYnqbtn/iOB9rj8s6xR8Lsiu6s4YU5AujqhvzDJAj9e2nfgrlppijWqtUD2gsvmMVDFcyJg5JI3A7eulUZKrQW4sUftl4h6NenVSCRAgjEeXJ//H9dazl/HX8BwNQ4DUp+Xw99Y39svEq1SnB2qLke9Mx/7taTw8wflPLz6I4gexI/pqbbTRSrPMxx5NU3yBfghmGAxE/Ftt8o+R1pDywNw4qAksKrghjNx8trRJODCkQD3A9NYPmk/vLiZCuR6bOQcfOR99ekchY/4dVq4JWtSfJjL+XJn0IY7evrpZ/02PF3oU84CUlWnVUAy+CSCFREYwY9GG8TIzudbv8AZ7Vu4XiFBkAhhH8MG36WoB9NYjxhwstUVngqCsKIDXU0wSMxIJIAMn1xGo/ZbCrxKzK+VSAwTIArC7bYgCPb9QpUv+Alb0BeJaKHiQSpLCjI2z1sInfYE4P+tXI+KvqtUJkALAnFqVFP0PS2wBwPTUvEfFr59F1IKlHVtxHVSI9+7fbQvK+GPmsQGAcvGe+T+oOfl76tOk2ycVpIZ/tEpqttXKtScsjKNr03zsQR+i+40T4d5sK3k8RgOBZUAGxUwcdgbrvqND+MuXlppg3B1pm3bOUMEgicDJPc76VeDuAr0Eq+enl3MrDqu/IwOxMQVT5zpE7SGapmg/ajSU8O1RphKitKsVPUGSZG+am0/bXltyqVa/qVrZBKrPYgRdMHbvGN9eteL6gqcHWtm40r1wfiTqGYjdBmdeSU3DgMn5iWIBzJBAUKCIEgD1gjTci2v8CQfZq+F4m7hlLhy61fwwCAf/DECBESzT2M+hxdQ4+ofiVKdLKvTp2NAYHDFw4HSGOAsxjvrOU+aWUVLCos5UAYlqhtJzJUimGBy2CAYbTHgQG81bigKC3p+EoQ1Q5BtYK0e97CRGZNUUQZzNmajVZGlRQp1bTTRQaimGBK0wSAb1gRBUR31RwvEiWmlAK3AqWWUIBEzfj487Y0zpOgoVWCp0qKmIylYeW6A9ytVYEkAX9hrM8h4sulJbWaxbdj+VsQQu2wgz6Y2IYRxzCuwa6k1MAFmEr8Nt0AMUuBMSWHuRE4pbiCyyt9PMET1I13wtiB7euPnoPmYcEPAtNQE2m4JdIAIaCMAD06SdWU+HLm5WIaAHZTHrAYWkNkAZiJ7aAbChzqoMCrVgYGW/trtZ6oOIUlQikAkAhngx3HVtrtHFGs3HKGUzUcXWq0dUhi9skjYEAGQcCDAAIGl/N2JECWAAcSbThSxLDNoJt3/hIM4kynxIRPJIurKpKg7TKU1LEL03FwcYBBzgSO9RTUao6t0kUyQ2yy4JgAwbS0DvMA5E4wn5dSNIU6ochCwVRaSekQWMystDTgH7EadHjgfMEFobuWHa5thJgm22TmROdTHDhQhkGUUAtgGQpMkGLQIg530t5rQW10hQqGVgfEfhjAOQJ3wZaSCROs1FAatcoXzFEhSSCsSQTtBjc7jsSMxq7h+pS8RhTk5AuJ3HxEg7ep9tCLTeiBVCqTUqFsASYsIztAgfUE++mVER0UiCCbHMZGCRgmMLAGPyrrMysBegz0yYKj5d5wNsQAfsfoBS4Ys4QQbukYwPvsMk799aTimCqEEC3fO7QLj7kYEH00makwe5WODnM7hYGO+Dkn0+WlTGkj0Xk/Fu1KuakxMISQblZsbDeEO2Ntp1R4jrBqrR/l+9q5/no7kVUfu1NJW9QGaO2WiQCbTJ7/APZBxpLVHZiB1MfQEAYP6/z1RPVIm1s6hUuqLT/iaif+ivReMf8AKNA/tX4uKKU85q1SAMyVqvM+0gkekDRPKCrV0a4fGV+ZtZ/sPK999Jf2h8cSKC5+Kq5nv1kj19T9O+lfZvQ78P8ACWUlWfyyexzEZ/TWWrftAriu1FaaR5rU1PteVGD3j3+2tJy/jlVaaopa5bnIPb2IM4iIj+esbQ8I1nr+aKgJ8wOSFNoYtME9vtrslJ4rE541byNb4K59W4peJFW0CnCAKPUPP8h+unfM6/lUZBiLR+oGkngvkbcKtdXa41CGmIGxx3nf9NF+Pf8A6Kp8079/MX/TTq8N9g1lozfjlg6Uas5NQZP+UDGBOwP3PbWr8LOy8t4VXFsNVHfH41Qf3H2153ThwiOS2+CdjmO43k61HB8Y3D8JRVVlS7qFztLE/oR3Ox7a5JK3ZeL9GG8QqafGuGxLsYzs5JnP/NOt34a4kNy7iKZPekAPYsg2GZlVz2zpK1PhqhZmpgyZLQd/nt/LfVnB1xSTiUAwwpmnHYqw+u0jHvrNfEKfyND4it/eTILAtQMg/wAShTmDsWg/PRf7HKsVLCI/BcEkQSRVTeBB+I++e/bPcWH4gX5IdETHeCLmB2BXsfl6a2fg3hKicQD5NqFCLxbA2aIXOSTn56k3SodK2I/GDgJccxI+VzCT9sdjpfyviAHgGMwWgXDYRkbd4018YKipVsUFlqFe28iSRO2Vmc4220loJcgyL4xDAlCBMtvPTn129Y1STvYsdKjX+IaHm8IuWv8AJfIIBBADYIzvO2sz4e438QJ5zM1qkhnLHpkEZ7iR9x6a0i82pVODWn5q3IhRwuSt1M5tEkgMo2+Ws/w3JEQl14kA4OEYFjJ9XaBEnI79tariqFb+Ts3VBQ9AKfhIZD8mn+h15Xy3k1EACtXhgYIUgjAzII3nf+mvReT1WFG3FwIOJAO07juBOvNedVlp8VXU0UY+Y8q0YuNw7qQYPr9503KnKKoSOm6I+IuW0f3eKL3MSVMKFzTDQeneYMT/ABDOtRw/CUay0qwYWsiNGxkoAZhZ2Ud9z98fxFdXi2gKZBk2qcAA+jGQZ9+31p5fAQK9EYYgFiVBEmBMHIGNRcZV2UyH/KfKsW+CQWpBmC/htWpqyNEYK14GIAlu0zneVo4imJpsXqgq0i1uiMdh1R9NHRhl8hEvQrJrGCMGQCnYiQJBk40NVI8xGa0kIgnPUyrB/LOcH5j7saw7mvD1SlNQFJuXIH+ZRviNyN+59NU1+H4hFuMYzEKfvvJxuZ7e2vlbiZVhLZCwZJj07YyTozhq5ZS6vUCriWDGTORaVZQYk5MdtBNh0K05m8DC/wDWB+nbXa0lPg68D8WmMDBuBHzHmYOu1sg0GcuoNNV/LW+wUy4yXAa5rbptS8GCMMGLR0DSnlfMxVq+SAXV5domCoBEkzJgG6B6yIidXcn5qRSqMoS20lUUmQoDKkknJYs1QxnDnPYPlNPy7qxsuAKU6agSCJLdbEQwJII2gnJ7MkAb1uLJLUwgQJAIugZksokyUEBZG8KRGNLOacwCygAZ+gRAwuZkjckEx6YmdXVTefwZUNA2ibjnc4CgHO2W7xA1Oi1OHdC7IIW1sAHbI6cQdydoBM6FGsMp0FY9TAyAD7G0Ale8b+0T7AkV+KFJUHR5rsWKgSSSwAChhNogdgsLv1DQ3JqbVHcqCOoCYJkGQxgb5AAxGZ7DRXGcEXqgx8Iid4mL9hnoWJ9WmMxpX2P6sF50oJULlVBVcHLdUtJ/NN2M411Py6jKHQTlgAYgiCTgHG5gfU9tfKwpk2qxuYE4UnMHIE75PaZ9zpbR4BWBEuTJwFwsW7k7iZM7GD8zsdAlJmqXmIWlKvBugHB7qQvyhTgHMfXSXmPNyjAu5F3wIAbmzmMgKDI7TvtGIPSpimqmqsl5WJBA26gR0iGWPeTkDVnB8iZgCatN2INzGk3xdUr1AY26pme0Y0iePYMrWz54Q5s1biVRfw5vZQoAVgtNzLmSzOSBnaJ9tBeOK5ZkFpICNIzgrWrK2RGAFBEdiNazgeT0abAAkuAahcKBB2C+snJk+h0q5/yyizFbKhy7VGjMsJOVJXezA9Pc6aM030Fqo9mg5TxVKnw9NGemG8tQVuUZI2MbHf10mXjVVsUlmcsLfT8vREYHv9SToB+WrVRPIrIhUdXmhpj2MQzDEwI74jQtblRwz8Q9uRgR2BggZBi7cZ2wDOut/wARFpJHKuKSZqaPOGfdFt7CJIOe57idIfHPN2/d6yXA3MhUR8IVkgR6ECc6FXh1CQnEuhJtW+ZddpgAkHfb19tDJ4cZxPm3Uwcye/tIg/Me2llzxoZQpifl5JRWaJJx+uT9RrR8Bz5TSSnYfwmnGcsDJz8x99BryZzJtkQbpwI+ZxORvGiuB5UKakBupgCyiPYgdXfP0kaj5IlaE/MSpc2So9PcnPtER/sagreWvmYMCPWGJOVjI6SN5zOc6cpyRj1AODgiVBKiDOLoZdtuw99T4bwa9QQaiopiJEkn3kgSPnuBoPkiFIJ8L8eFhQQSFQwIJVigJHpBIMbfTW/8J88pVXKBhIJA7W7SPlJA1iaPhuihSXEhsiTkEg5mCptKTjGNtFcj4Opw9Y1XqUrXcwJ3ECIPYi0RM+50knGQ8dE/FHFFOI4ijhVdyy9M5vW+cHEMg2+vfWXbm4Sw0mBIbJgywKsGmd8H+ca2fMOE4evXaoTBqGFIC5uphD3hj0z27aRcR4Ec1ns4lLbgTIgqCVjpB7yd8ZHrrLkitNmcX6EXL+ZU6fEs5QlGpgeWc2lSoONvybbQ22nD+IxUUr5fVkKJAGNpFpaBjv6RGjn/AGZ3C795JYSJtO2J7j9D6iNQq/s6DAr+8Hu1pklSBOQDIOR9CPlp1/EQ+xHxO+j5S8S1A4QUyWhVuNRoGJ/gEAQc+m+s9zfmRevUfCMQhIJn8oA+LuRjJO0Z07qfs2bdC1XE2wwJ9OuLR6wZABOTOGHBeAWBBNJ3MQBUFo7xsCCMmRO8emtLni12DxtGMXijEAEkA7gGJntnHr9D767hKLs0JSTv8IYyZMSAoH9Jga9A4fwOxnzOHpU8yCjk/eSM/fTLgvDrUoioq/8ASP1z6am+eI3jbMBwnhqq8lqbAkdgQB7we8fTfGpVfDFcHZgPeY/lGvUqPC1Ac1Lvrv8AppfzvlXE1hahpqpBkNBMxiLqZAg+/wDfSrni+zPh/DzFeWOCaYZoZuoICRJIAnGN5+p0Ry7h6iy5qMwUSFYixmPwgi+N8kfwhta/gfCjJJqBZyRm4g5i3fIBO0ZG2pV/CVMFmqWiVIY2kM0DeWY4AO8aL5Y/YFxsxP8AgtQ5bicnfK79++u1sf8A4Xp+jf8AUv8A+vXaHlX2H/ZmjzEK/wCHSNsMQr9ReAoBClSQuFUGBGYEnRXGUaZK0kuWOgWgPFrSQbxMS4lu2Z7aX+H1ZvMYEqiPgE5a0oowMk3KDP8AlI2wfvLKh8wkdY/EdnJCyHMEAEkmRKbkiQQBka6UKC8fcvmBWJIhviyqYQjeJM4jGPUCJ8NSBKLWdjKGwKJOS0QCerNsRExuAMdXWn5xDQ0QKSYhVbYOCCJ6gFSPWYDaM4TiBV+AtTh1LKiwrjcvjBaTmGIM7CCSQDDlykLaZJAc2oIUkx3BIgAmG74+hSvVCEKxCgBx1GEAIhYUXbnMkmSdttWcA601vKwoHrsSgIAn4QBsBsRqylNpttVIkrAu2JBAI33Hr74JMZPZZJVtgi0BSXy5VnqEIxdjKtB6PQkSZAJnEzjQHHcOVP4nly7WrLl92NsKGAWZgY/9UjRzV0os9U1qri8xTUMAWDERN1pIAY5+KBORqHCVFrUrwlMsTOKZviFClSwDYEi4kk2iBGNFX2K2gPhaxrM61+GR3XKqDdG8ETUZQMHpT0GIIkzj63F0rQnCgUmglRjNwxDQ3f0yWxMQK+EdlYAoKQWCcxMliWDd5ENBUEgab8DzvzkLMadhDGIqXAKoiLllmJDS0SYJE51m/wAFSTA+Tcd5oBctSe4WqsgwIa2DgqApE9gY75Nfj6dNmNSoGABcguCQGI2AQEATGZwD3wU3iDxKKZej5fk1wwOUBkMTe9MRZBBwScyxIBJ0t5zzWi1SnTUmorlSr3AuGHQDDDqb81jkSWJEYOtiHQx/xPheIYClTXA3bzDiQJiYCExuBk7aIrcopNa9biV6GWAjBUUSDvEnGcBe3vOP59y+rSmbJvUd5qRAXcSAq2zdbktMnGquW16lNpWo18RKMDYc7T2APbHbbTOP0CzYUvCqub0UoJEMWMnA2Sb8Z9PbRnH9FFRVZ2I6groo2m2SVHUR2JzsAQcpKPjKrTRSahZTeDUVhcLWVbQ2Y+Km2exA04p+NkqugqJANylSwx2LEOY9QZ7YkzGptSNour8yqZUKQx26QYiJEAi7EHv8tU8FXpsyu5pvUaDeFmRC5ILgbCJ7Y3I03TxFSeba9pg3SsxN1uZHeRgxttcszHAUyhbzgxAIVjaPQgwAASB22GBGNT69GSfoEbmjtalCkLCRmCxgekMAIbE+/bMLhx3EwfNo1JN5Kr5pUgECA04JJkDsPU40+4LhlTpUkkDNoEbnMiFnJ/XX2qWUGZUyYkztnABP6xttnDKl6DsRcg8N/vKqalfiacDqVgA04t66l2wU9u4OndD9nXD22F6pW67/AIg9QYhVUQYHad8g6GfnFKmxJYEhZBN0RETIBAyY37jPpRxXiTawKDJEucAYyYkgRn6+kS2T+jUvY64DwLwdF71Faew814HyzI++mTpw1AXLTVPU3H7nOT76ydDnlUEyKTgY/wCIBnqxBKyMLJnExO41NOeVTIuoowxdIIBg90HaQcevbfSuLl2x1ro0HE88RMCizCZhaZMxOQIzEDbSnivFVTzSadKFWb1YBS/T6sV2EYE77HsHzLnT2oJKuWIJsJkQYtABvNwncAjbSfjuIqIwY1vMQ1aaVFZiGF3mEBrVMKPKGd98DB0FwxDlI1aeL2IIPDuCq3QrKTAJGw2O+BOqK3j5UcoUYOxlQTbcCBESc9+8kDaNJ+N5s7qwZQXYkGwheqDD3YZVuHYwTcBOdD8TUsNRahFozDMIOWJBUwZJlhgwAF7iQuGKBm+hxU8WVHYMVVQWKyXEAi4S0HAldvZtjkGLzS+VMC1uq9zgyQQSuJEMcST7xGs5xFe5mFwVmWCDT3n3YXKGJMkATJOxGh6XFWACnVpkgGGUCZmNhmO/c959W8UfQc2a3iOJWnk1adqySUeSMTDTkT8hMRq6jzFzaiVSIC4ZQ6wLdzgyQD999tYvmjOwIPUTdliZuJklNyCZkjbp77GNOvxALA1HZiFpiCXCgGIhZM5iWYQAe+QHwoC5HZ6lwgSBLIGYibSBINvczn/L6aV8YpJlaoJQ7SJmCP4SZkntM6xp5hXJCkriP4WGPk2NwIz9BMWcZzqt0oQ4AxDdEQOrpUZHw5AN3Y7zvHFLSNmOv3I/x0/v/rrtI05xTgfi1v8Ao/8A667SeNlLQnaoq0UpKocVCrOZmUEn8gweoAAeh+ImdL6vmtYtLh6gCrasgyILb4gZJJBMSerCkDtdrtOUq5MF/eav/iEKZjYWlADcZ6oie2Tn0cct4MXljAZpKgDA7KMkgEycAiPSM67XaD6AuyfFcw8u4llpr2zmo0qMiRMgZzIEEnfV1PmTPh6ZK7glT1AMI7ZH5cYPv27XaVpCMmvH2AE0cMGUKBf6m4u0IDAJjI6o7ma6VW4+awZmgC+8R09sMROASV7x8z2u0A9EK9WkS+KzMbOokwCJyGiQSYP0GckEioqVURA9SiANmb8xZS056gZgKcCF7yT2u0xsmX8dyqlxFUPUBYi62T0sbjliBCrbBgSDB7HFfD8qWmaZVhcjdUFpcl9rpCrIK9Nuc67Xank6Nk7Kq3JqdWoKv40G6YnOW2ULjf4mOQBiQSftLkFIVAQUAmLBtBxAulhIAjfORg67XaZDros4jkoq00UOQFBtdSSepVkZm4dCnOMDPbQlfw7SCAVKt0FiYuE5BGxJMSR23GMGe12mMU8NbTFtsXrB+JiIKsdzB+FcCO8gnTqpzJ1MBckW5EmVGfzdjIODGc41812gwjBOaVSILsAsnp3YHYTYBsMwARnfVIqkqUc1DcVYmZmPSQTu8wPQex1812hSDbBanLFOGUSAxuqOSScdiAo+ExG0fM6F47w2bVIqL8ZJJmLTAER7DMzOBiM9rtAxXX4ewdTFpukhgg+FRswJA2+HGD6mfnDcxpKSz0/SQHukwYmOoyUJ23Py12u0w3o+8Dx1KmACA+JK2EmcmcjJuQAZGI7Z0fxHF03vc0gHlQCqqFvA2LMdzaBjtrtdoARTxFRCrMadMQUuqKVJWcwAMCSq+5B+w/A1Ci1EVXIZPLudGYqCLbTLhCgEnC/EcEQV12u0EayHB8ETbWZgYEXCFHxEXXDIPrBwM+2o8RwVJQSLgvTACysZyYww7AmTkica+a7R9gRbwfMFC+WoUgwc47TAgTMH7dtW1+bAlVpgncFjIyN+8xtkgCfkddrtEwRQrmqNlxGzRAj0KnOY987d7W5WGwahBGwKz8h0gSPaY1912mpBKv3Qf+cv/wBn/XXa7Xa1C2f/2Q==	\N
17	6	Castle Ramparts View	45.2671	19.8335	Enjoy panoramic views from the castle ramparts.	3	data:image/jpeg;base64,/9j/4AAQSkZJRgABAQAAAQABAAD/2wCEAAoGBxQUExYTFBQWGBYZGhoaGhoaGh8iIxodHxsaIiAgIh8gICsjHRwoIBobIzQkKCwuMTExHyE3PDcwOyswMS4BCwsLDw4PHRERHTAoIigwMDAwMDkwMDAwMDAwMDAwMDAwMDAwMDAwMDAwMDAwMDAwMDAwMDAwMDAwMDAwMDAwMP/AABEIALgBEgMBIgACEQEDEQH/xAAbAAACAwEBAQAAAAAAAAAAAAAEBQIDBgAHAf/EAEMQAAIBAwIEBAQDBgQEBAcAAAECEQMSIQAxBAUiQQYTUWEycYGRI0KhBxRSscHRFWLh8DNykvFDU4KiFiQ0k7LT4//EABkBAAMBAQEAAAAAAAAAAAAAAAECAwAEBf/EACcRAAICAgICAwAABwAAAAAAAAABAhESIQMxE0EiUWEEFDJicYGR/9oADAMBAAIRAxEAPwDVtT1VUpaOZNVumvUPOFr09VhNH1Kehmp6Jik09RNPRIXX2zWABmnqBTRjU9RNPRowGU11uiCmoFNGgEaa6Mor3nQyromhOiYLKaR894WDPrrRUDI0NzbhrqZPpnfQCYxk1WyaLqJnXU+Gun20KALmTUWTRlSnGqrNAIJ5U6nR4J2MATo7h+AZptPz+Wo8I/lsCQd9AIPxvL4A7kYONUUOWlpMEfSdbTlvCUqyliudE8X4dqlWYKEQCIGJ/wBNTckimDMDS4eDdbI99EpwDghogd9aMckaohAIFhEEgzPyG+tNwfg6iKQFV3YxMzEH5D+RnSy5EgqDZjuW8lq11lVIT+I4+ue2vnHcgcLdHTmGn7GNbXm/NV4ZVoimSgETGAMAT89fOVKKw+EQu0jH0Gky9lMUYXgZpCbp/wB7a1HhTlNN3NaoucRO2c7acU/CtK8VDmOxiPcxG/z0XzviadOkdpAwP+2g5XpDJUKudhQxVQBPfWV4o06bfh9TdzqHG83q1CVWfSf+/fWq5byfh7AadKahAJLm4j5k6PQOzN8u4lVl6wgsYWe2j/8AGKSkJTNzMQCQNvtq7nHKUMXMZ75/SNtK+Xq3DVb0MKemDBu+nbWMPOJ5PSUeY4vqNuT/AG0q/wAMpM99QgxgKPhH9zplzXm6qhLzPbB1jOK5ixbAxM50FYWzR/u1D0/XXaz3+Iv/AAj7a7RoFnoxTUGp6KKa+Gnq9nKAvS1U9HTFqWg+MMC1St5iAWgkSLo94n6xo2YF8sTEiYmO8esenvqivxlJSVZ1uXJE5G8fU2nGg+DWKrhgb4uDHJgqBJ2xcpED0G05R1eMuaoYwWW0RuYKqJ74uE/10MxlCzV0aivNpmN/1/trqqhRJMf7/wBNJeSqbjvaLQSDJZhefU9TOJ+47DRfO+YgKAw2tLYERMNknEiQvz740ynoVx3RfRrI8hWmJ7EbYO43EifSRO+pGloGwU6VNjhio+GJ7XkwCCSWGJ9NyNW8PxQkMJj8w92MsSeyiZETOM6Kn9gcQlaWrqVLOonilutjuRPpEb/WftotE1RNMQnwqQY0RWpSCPbVKgjOik0khkzE8Xw8MR76pCka0XPuD6g/Y40tocCzmFBP00fQPYpdNctCT6D11pOG5WX6BStM5Mn7ZmPpo9/D1MNYE6gASZJgaRySHUGwXw3yWiTfUMqItE/F7k+ntruY+HqTVJojpxImYPzPb21fzjg6VNRTpKwJIBJYx88n21dy7lxKgls/5du2/rqf91lUvQHwPC1OHqXMysmCSPyjvjWo/f6bKYMqO520m4jhzMtkTE+g/md9M+K4dBQeFBlT8Xr/AE1OdNqykddGb46vUasPKiR/AMT223OqOJ8T1VdVYE29tpO22m3hhwFJI6u5jYemkPMqQbiZqGULSfWPn2GmS2K20jUo1SrSnyAQROSNVmsaShMBiMAHM6s/xaqQqUqfScBoxqtOUBqq1mJJG4nGpr9HJUBxZgStp3JO39zqfHIqwrNcWMSf7abCAMA/bSjnXHoIG79gMnQTthYi4/lFJS1RZuAwAMH5ADOm/JuFqCl3DQMtj+WruSUahJNRQPSd/pHbVvNOOtIRBJP2Gi/oBnON4ZhWDVXVhOwM/wBNaKgtIoGFMErkY20LQom4s1pbtjYevfR3GVTYbYXG/wDvbWZjOc45xe9lskeg20u4jhxVx5cn1Izo/iK7SAq/UbaktSqOpmGjRrAByA/wt+uvuj/8VT/zX+3+mu1qNo1Hl6mlIbnbX28AScAbk9tKedc0WKW2XkAgkStwzBE5IgesHQbfogkhi7KZjsSPsdZbxLTLg1VeFwk7WsriGJGyhsTJi7tme4Bnp1mR4LBhB/iUgsxLfwy0AYE43Oieb0EcKXWUaQSrEwGByBgzkGBjE9tMrSNVMS0QrNfIh6dhKzItDFexkkIxu9d/ddw6otRzhnpo1gEwSXtQmBIB8yocgn5Rk6rVakryReJZCFGSB3EYwXuj2GIOlvCUCagBFoKq6zMi1XMEQICxBPpgGdYohlwXCNHlKxlVEnO92TKyCsZnvI9BHce4RaamSUKK0DOagJEgkkZYYBkkHvozh+hmmTcjM2/wSgifWSZOO3sNV1+FFtRgMX0lAOR01B2JHYGJxuPQ6f0T9iznXE9VzYEkbYAm4LB+RwdyMxpnyemxpuxgggVC5PoSVEDtH8tK+LQM0XEnfqJADQs75k27H202qVRTphFBYlioieq3ME53GLfVhsJ0E9mktJC3l3FM0nAiZYHO+wzuWb1iY9NNeD46aihB0IoVQAdyswYmIgfbSvlfAMQu9pLjAHT2JM+ojc4Mz6ljwnC9SC6KnxH4ixBHrdv2wATGmUtAklZolTVtIaDq8fRoWLUqolzEfiMFJgMe59YEn10w4dlfqQhh6qQR9xreRdEkmtg3M6c0yNU8m4qnSUzgzOmVenjSetSmcRqkKnHFhcsXaGq8zpmTdB7aB5hzLMqczvoM8OluZnV/CUbVuFxz6f7Ot44xHXI2VV67thqck7fT331bQ5VXnpYAEbEnH99M6dN2UO1OCN5/p+mhqHENVOHt9F7n1xqbl9FEvsMNOnTp21GFxG/v7aW805gQmCYJAB9p9NH8Zy12pkOVncZM/wDfSbi+W1WVaaLIJkHOY9Z2+ukhX2NKwvklM1SYchTuI/rq1ORrSrhj1I8zMmI7D+emnKOWrRUdPVAmcn+wHy0VxlRypsX741KXI3Kl0Oo62fXq01ECPkNKuD5oHcwMemhOHqt5jICAe5bfR7cOnxIhYjuBv/TRwUezZWMwcSY1neLPmVQVIBB31ZzOvVgQekBrrQWAA327j030poczRCyXSynOwIAie5E/6+mjFJK7M7b6NfQ4aFJJLE/7+ms0/As1ZnYRHwqTJX7au5Z4pAuWqpw1oIyW3gAAmTjJMfLT3geMpOC1OD67b/TSKTVjNWCcqVUu3LHdmBH9I1CvTD3XAsR9v7alzerVYELCD+I6XtzMhQkzj4jA/XTJexW/QPy3gjUdg0IF2MzPy7aJrU6YhKaGo8gFt49/bQrcQy9Jw2J+pEd+4zj01oOXV0WBiW2943+39dackgxVgv8AhZ9Tr7pj/iNP1/TXzU85BxQm47idp6gGUkT/ABYX5dQ7x89KqlG8NUVZ8ti1pk+smIzMfCfQHJ0S3DVHmLXUAggyrAzgCMdJysnI+YOhOQcWodr+ib3VTMyGhiYkliYmPlE6sc1FXG0LhUqAllQ2E3Z/LOBBwyjEGbm77x4TjAlpZpmFO5DSQ3xbC2RIB2PeDLTheBGUIgQrbAEzMLb3I6d+wHvpTxHBWs5VhkK5Tupx2zjvEGLY2MApmCAQzFqYlltY3EMHpGZuGWM3PjYHPsUHEcEoaqewdmpMZtcLw4NuNnW1lyR3jYw04qt5QuXemHUGbcFlB9gcRbgdInMWqK/MrqNUKJuYC47q4tIHoFPluR/zHaZ0JMeKY04iugrK1Rvgy0Qbzh0AMxbK49ZUYI18q0IFQlyBiowBwCqSJGZGxgY32AGl7VAUSAMqtlx3BJBx3+Hb39xBfAMWpVKhecN2xJUErJJzBC7jc6awOIHzDhlWoIJKqwJGwXLTByD0gn+vbRXH8cDDlmQGADDBhMSZmQQTEDcsPoramWq2pb1BsHadyvqSGZTOBtMRplwlA+cJItpB5ImLVw3YXSxKz7ERjSKVso4pIMM1SqpSYpDWgoVXsNmyQBkYx7Tj7zDjE4Wm9Zyy5yIF9R4AAifYgZAAE4UDV9LxNwzHiGZ7fJCrUjEkyIlYu6umOxAHfXnXNueVOLqlnlU/8OndNo7TJNzHcn7QI0JclIHHxOUqaoq5hx1TiKnm1DJIgCcIo2VR6dydyZJydU0KZUhklW9VJB+++rCVEKQIuKjIJJAUnpifzAYn+ep0nBxBU5wRH39P+x1zXZ3pJaDeF8TcbTEJxNWP85FT0x+IGxjto7h/2h8SDFWlSqfK5D9fiH6DSY09VVqP6aMeSUemLPhhLtI2fCftA4ZsVKVamfWFYfcG7/260HI/FPBvAXjKKSfhqE0zPoBUCz9J15UKPoCe0xP/AH/39aqlER2/v/s6r/MTapkP5WF3E9s8WVav7q5ouCLS1ylSGAyUnsCoIuxuMjQX7Pa1WojVHRD1FQ4YXMYE3AYAyDPeTjAnz39ngAr10WBfw1YEH80BWyMSQAY1oPDnjQ8BVWhXVTRqC8uogo5JFx/iQhVnuN8jZIyexpQXR6PxdOoYEoo7nePp66p4mr5cAG4nG3f5aE4nmXmAMpgRIM4I9fQ4184fmiBSDkwIxPrP9NXUJJI5nONjWlWcAXAT3zqni+PzEgaRV+a1M2mAfb/edG+HuVh/xKoJO6g7R6++s4KCykZTyeMSx+Xj/iETJBkmAfv20dwfMAVnpUCIyQBOwyN/lonj4sItuH8Mb/0++NYfnXF1VKpWWFICEYM4YsDB6Qcn07DtqLk5llFRL35kadRwqswucqbzu7SRcVlQWU9wM6S8bw6s5IDLiagGSIHrkk+4k4PrqdRYWUsVQCM5JDCd4JIPcR3J7YV8dzQUp6mkscsAVIlSNwBODIkRPpqjqC+QFcn8QPj+YVKlXHEMiEBAyBWhRcViYldyJJ7DJGnHLPFNG1KS1fLN6gqIORi8ZIK3SN8RMbaRcbzNKgekyBVpsyh4lmYEBzhh6bBSI7gkHS2ly+oj4UYHSJkGVERid5mZPTONRU36KOH2etcPx95Y1CKgAuEEMAI7nsSOoes+kaCHFfitVuFpW5OowoWBcVjaYJ7iB/mK4zkfiziqMNVozE4ta5hIMeYSVwBktJ3iI0ypVG4lPNrVaaB2FNKKlegy1ounJJX6D2iGc7QsY0w/nnMGqOLHNRiWGBMgiY9ACAFjtmcHRPC8V0u1S6nIUgzlVVs99wWKkjaVBOlXL+U9E04aoWIVbTKgAg9Z6LgskA+oOSJ1LngACQpWFIqUlzctsXiMWyApj+IzNo0LGaROpzPiJP4wXJx149vh7a7SXzk/87/2j++u0LDR6OlOqIgtcBGVLSYzkEx9e0DMYo4uktWmCD5cCUqqRAcHBJYSpxAJEGIzgaW8T48daSxQh7RORAZh0wSY9BkjJ7RGsVzTnVd6rKWbLLcpBClmutU5I/OVIBjpPz1Vtrs5owtj/mHilWZQri8NlwWt6wLwLh8QKjM2iCJzGieV8xUsylg19JlaSV/MLlBbBtDMSJEA7HtmK3GALURWKmAB2n8xggmQTEFhOCZ9Y1KZUdPRhcxkW4JUnMSzYPZho5UNgmaDibjWkEAOpw2xGc47gATjGewGgKHAkdLpdcWRnwbczaCItYq1Q2thjaRM4ZciajVIpm6/y5JHcEb3SJaR7AASCZ1KmSom+A5lS4ACVA7W4xMQJqDe0fPTSdirWgJOVVURapdggUN1KSKZOJKzJVjgldgxMd1o4DjCyw7BA8PObSBiCYIwtkycb4I0+4zjQtF6qqPNVVBT+De7ZRiQWkHtGRgrOF5eEWgxySaNRkWD5qMy3hpME9JmFByASdTboeO+wjhqDJSNa0ec5p0qeJtgAk7dgrOQAZtjOBoXnb1qSVPLQF2RwqgyVVATNxMMFukEAgliT3OiqPHXVZcswpDy6aoGN7NBYzEBgFUbzN8DTjwxwF7V+KclldQUByFpquAMDDEFtgSDnOSspUtDRi29nj1AlTlKvYzYSPurMST6n11I8dSDDqg4kMCuf/UBr0bjuX0rGNqiAfbOdfeC5NTZRIIMDYgztO8wcaPifQfN7PNqxSrTKXESysSlpPSrDse922+B6a+cPRKWlSxtWDcpUk3Ocg7GCBv2n116Bzrw3SRLlRD+XrQGZ2yLY2OCDv274mtypafQtRVwPVfiHaJ9fXv7aRwadDrkT2cOMt3WD6f7G/8Av5teW0vNS5JukRkdiCBkHIKz7/fSR6bimpNrXMVtMkmCREb+nz7a0fBB6T+U1VTABK2GUBE2lVk4m0esa0Ur2GXI2qRayIIuwzbR27YIJx89KuNQ+YYWBYpbtDEx9jjt3PvDjiOJpOQxeJG5pVkEb7sv6x3+moc4rL5DOoV6exZKitgmInsZPoP66o0mqJxk4uwXwcAvFqJ3SqvbvTb0+Wq/GtGKlMx+Q7ex/nnQPIearT4ilVaQiEycbMCuRvcLpMAzGO2ivG/MKFcUkp1VYC4sQcoem09WRi4e+oxWnZabTaaL/Cnic8MRRrFjQOxO9MnuPVe5HzI7gtKvi5P3laqE+SFNIiOpjJa8DsAAAAd7m2wTi0UABQ1w9T3x3ic/XRvJfDVPiFYGsFdSQqkMxt3BEVFjviCffVocslUSM+KD+R6nyvj6NRBXVw1KSJIgAjcEMBB/09dOKPPhCssQwBU+sgR/PXi/NuT1eHCUxVZqbX9CXksRBPRMkxaCZxE9gNei+HufU6gWndTdiBHk5CJ1RczGSQBk7k7DOrKam6kjlcHBXFjLi+YNVaHkZgkNGMY27+//AHB4mmji4wW9iJDKcfCILe8R/RsVQQAuNpgxnt776Er8SZtUXCMldhEbnEDPfb76OMUZTlL0JObiykSxZTcYZFBwxH5G+L4hiQT85GsXxWR1ENcLxtJe7ICHvBk/SQZGtNzjmFMlqUq1NpmxjAB9bSJILHK5BJE5kKqnDEFaYXy4Zt3mGJUKoAljk9gfU9tcnLLJ69HXxRxW/YMGtendbd5VMhiAc2wWgxLi04jETq9uc1QkPWZHvCghhcocVMZIsyuwJ+HYxkjnrVEruFZKaqJCYlSWKS5aKcdeFJIEqTAImgUuLVbBTRarMgVQqnZXJmEy0MNo+IAY0kVQ8nZXTas7Sru1Nes2kgJLbxuTaJ/6o3y78NcFT8xalRaoZTcFJ2LAgsXIxIYgQZEmRvoLg+GemoPEkq5UXGHN2AFW5yQBcKjdHTEARiNd4f5ffTJJCsGMA5HxYBlirFVxjI3mTqkWrJyuhly6kpAIJXpItEwDJwpBFwAGfv3Ok3iXltHpqMzKbrHJdso5AIBJNsMEPoADjaGnMblSy5clSApIIIImCYkHqJ2/MZzGs9405rSegiFvjMEiDDLgracgQWySSDGNjp24xRNKcpd6MhXbh1Zl8vh3tJFxUy0GLj07nfXaVcTzGsrssrgkfCnY/LXahmdGKNhy/hKVSlR8yqymJucyQwNqjfpa3qjYZOxOl3OwgqWllUsbl/EHUtjEHI6WJKbzkmcidFVuWV0LVkdEcjzHDAKLl6kC3MDI2ykfD6iYcLWjiKbrY0vLElYuYXgshiFGMKP4t4tNnL0RS9gTtTRwHiQQtzETUFw7dlEYxiScyTqzn3O1qrTpIqw5GVYYCqWJJj4RcSfiJA+5tbk6Q9F1QsTMhIkCnnP5TMMFuIwJOq6HB+R+Jw6UwE81Ba5ZrgGaQGaSkWjJtkN8yDWhr4BqimjfvZWlUVoDSbsqX2IMo2SCsgyQROna8NUuJklajsF+AnAmf4Q992DgdIMRrGPwZqeX+8WPUhprRIM9YBuAWesbgQbROMv/AA9xS0mIemULXEB7iCrlN2JYlhaYDQbWA08WJJeyvmHDhVSkrEeY1KlvJDeYtNsmYU0WYAHs32nzl76VKkDcy+aVIk/hh2sJ2HUqKFHe4bbaO53RIhyxUkzTCsCJ2LM25ZYQA9OTGwyV4f5SDWqzLojKt0lbnVQOxOFyYBjqH8Mam226KKksmBcnRUgUaasbBc6y2TcTc/YCSQJAMnKkCdjx/CrSoVIiAhCj0uFv9YHsNIuM5lRSrSpBjl1pgqpId2Msv8IgLLt2wBkmGfNXPk1TJkiiPpAP33++jKm0gQumzL8dRuQgiZIGY/MQI399X1K9PhkDVaiosgS5gBjOJj2PftqHFUxb6yy7iSIIP9P10i/aRxEcOgggNVggAAiEfPrMke2dWk1G5E1ukOeP5rSq0nNGrRqWwGKOrGGIHYmJMDWH55SIY2tbAKgQLipYkb+uPl9tGeAaN1HiyCRIoqS2Sf8AiltvYj9dS8SUCAkkM5uDyQMiGDFWFwwYyPbUZfKpFY60JuFdqal0ZDVJkERCSMwAIDZnGZj01qvAig02plQCuZIy1zEkknczP30p4vympcPRDCVtmFMgkC71mOobDZex1ovCXCIo8wK12QGJiVgfl2H2PfPq0F8kaf8ASHu1MMaci76f7jG+31xrMc44aotfzUFuCty7OLm6WBENjpgjtr4/O645s/DsPwyZXpOBaCGJxIkn5H00ZzjmanpsBqFl6UEnY3TtmfXedGbyWgR0xBzjlVMjzFlA5g09rTYSQM5W5SPaQM6H5Xw96UaZsKBLghpqYmZyVkiZ7nOnC8C4Msz52QkWrtvt1d8mBBO+ND1uFhbyriDBa2SCR7EmZPz3HzmUjG7L+E5BSqhgKVO/GbAJHfODO3fSvgeQOvEA/iU7HBChjspkbnYxn66d8DzOuqhUacGC6bRG0AGNxcxOR2jJlGv5jTbOZLH4V6TB98DEEA7TMS3xpC/KwbxFwhdUe3zFE9F1mCLj1DIYkKcmOnOJlh4YrUKfCPXoVL2CBnpNUNyFeo9BboQST0qJGfQC3i6H7xSNESoYQLTlTMra2JIxiJj13K/gfCdFR01uItukqmC3TFhK9sHYCFgYjJc92hcHVMd8i5o1VBdVCkglAQsyDaemFxM/Fjpwd9OaPM6NlodLpWUZBIJIHwnIa5l6SJE/MjArXNNragr1OHYlSBaVGQZ6EgsZb57ZAk6ej5T2tSqVjTJLshabYDYjDITHp3wpBJUK2aVIX+Nq6rA4dKK1nLeYUoKXqEZUGaZjaWMxF2cTpF5f/wAsCxuaiWRoUhfKqEMpm2XKstpiZuS6TB1svEHl0qZrqlMkGALrCzGM5yWkkwCJiZBEHOcHzG8+VU6S622sCVBglYkkL1BD3EAfWU1TKQkpIosPmq7za60yxMm5rVtmRGISZHbOmFFKFKiqpT8tYYAEZJAphmJDwzbCT6xOlHNHc06TBgHstKkRLK7jEYIyMA/ONtX8fw34dP8AEKjy0LTP55IBGQTbGF9z30lNlLRDmHG3qAlWVGWkSZDLK9M2qQCCo7mTJ3M5Pz5EcYLwWFvVKkzJ6twZ9I22xpElOWgPTM9JyY3N2ImcET9ffVqVJAUpdBBtpuvVOxCmNo9ewjQV3o1m44bmlKpaSwDYhMEjC3iBkAAY7RB9RpF4nmoJUQcqwViYsIi5LsbEwCQMQcnQPLeJSiw8xWpm6ULZpsvpsIYBX6diFxsdO+aUFakmAGXBF3e2dh8WZHpt6xqjTcRLSZlq3I6TMWIaWJJwu5MnvrtaH9w4YYNVgRuLhj9NdqeP6Pl+COrwynGSIIwiwCYEiQSzTcN++N50Hym2okhYZrbvzFQoVVYyJCwAQREH01TX45mkEGn8bk73BAxI3BAxGDIIHyLGmgFIN5luRA2GFOQvVJhztnMkSBadm0ynhaqwGqfGoInMEgXdlC5A+GN4j0F3D2squgtUzcRAvcFmNpi6Absx3wcYr43hSbQTf5gaADbK2mWMEwuYyASd4xptwvBJTpBLmyUUxmJhQNvhuAztvtpk62BlFfjqjUgogg9S3y0Qot/NJkSPTAznTNfEFB+HelU4ancyG0ghRtgkkEDADGTnq+Wg+Z8OCzAMwAhWM2xIJGY7QcDfadK3o/8ADVVFRmJQdMjMiSABGDb85EidMpsRwVmo81mdC5UkLeZLSFVVqBCCd5ZIA7wNo0bwvOUSlTpU6vUxvrN3ueTaJzcwGTOBmYyM7zXjAjlrpQtZaDMrJ6cZ+FBEYwJwNZHmHGwbnOdxnbuQM4gznvtEZ0Iy2GUU1R7Q/DCEqzkCVUQAFVHwo9JKTHouYA0R4krKtMyVF1ULkjZVI7+msx+z4MeHZ2ucvXRF7wgsxJOASxGtP4lRbUBTMscgZ2k74nP6aMNz0LJYxpmO5lxU1KNIMYvBJUHMkiAw2EEzkRGl37Q3uWiP81Q+uwQdidMeIoqeIQWriPoYJOZ3j+mj6dOmyggGCJjq/lPbXQ45pxJXVMReAaINCuIw1QA9tqc9/wDmGl/PaLebJLqAWKXnCqCVC9cAKAHEDfGDrbU+GWO577sP5n3P30l8T0gopr5fQSbj6mcCSCQRvI+WllDGC/AxlcjL4CpYCztcsHsek7juQy/6a0VLxFSoU0plixVQpK+pEnbcTPUcY31VyGh5kwqjy4SQoBkzOydhaDonw54Q4WofNqqrFiCFMxAt/Kf+Vvu2li5LaGlT0yXAV63GFTRUlNppC877GofwkOxgsTntBi7mPhjiqRBQ00DrlSSzSpkkuoxddbAJwu+Wlp4p8S1OGfhuH4axRJeoSsgIDAVV26iDJ7CI30755xQqU+HqgYdSwHpcFMf00tyctsaklowlajxNPLUqJAyetxAz6z7/AHPsdKuN5vEo9G6GW5FcB5bEgFRgGA23xhu+oVONr1+KZXqlKCs4WnMX9RtyJOZnfAEfIKpUfz6T1CITzKdxEHFJmUtGJUA5HpPfSzSXQ6Ul2bzkvg41LC7UkBElArVMx6kIuAdrWAM+mrPFvhCgOHIY8Q7UirgljAkMDaqwsmPT66wnN+MrPUVr3FKmrFYYqFYhpYZy4MGd9vfXqXJuZnieXB2kstgJOSR0EE+9rD650sI7TYZ3i2YIeHHVfNpcZxFNYDdVVlA7iQ2B230Mq8ZN9PmIqDIDgU3HqeqP998aN8XLUbiKdJKpRbCSqrvmSc4BgAfUnVXA8gqJVXiA5LMVFS8jrBjcAZNx3P8AOJtJRukiKbq2ys0+YAeaa9Kptl6a+wg2EZ2xq3hq/HUyGSjw4bIYgVELCZIIEyCwyDjfGdOq9INVo07KL1De6mopKoEgMbRAdoZVA2EXEGyDR4R4IvXrUag8mupBNNSTSqL+VkBEDtNlo2wMg5pRCrYbwdCtx1P8bh6Cw7UwyO5fCyYJQR1QDmcNjvpJz/h+HpNU6z5qkiLaoLElsxfcVgEdpzEQY0HGczHAgIFKCqzgtaCKbRMkbQTiIg4yNYjhq6VXNJgHplizs5YtOJK/lX4gdpaATGAqz1oEU+/RbzGnTqml5V3U7dPUQoJuaMFhI6hJGcTo11ZHa4jy4Fs4MIpUXSJuMps0tBjBGiH5VRHEUy1Q2VaYpjyyetlYiwE5DENsI+ExGqC0ybcLUDy5HUryDcVOSL0mIi30OEeh1sB4KowaCNxEkAEAkghpAtyP7RkaO5hy9L4qEIxB2UEEsAR0nJwWyNswZGojj4ZKgFIkVrGUgHpqZHcCegxOc2k9zKtxSQzCV8t6akqQQSl4YgFibZBgHJkepBTXY+w3l/CUKtGxlRkwpAJwwCsrRi1jdMEkz3MZjy2kqKKZLirBlgzdSgwXIki8EmSPRpxA1OlxKpIVgS4kZshgy2k4O0LIMg2/LQy83lmU3KSxIhQVAIyw3zjYj806Lla0BKmNYr9mpR2mJ+v4m+vmh/8AGaYwVrSN9j+vfXae19i1+ANLknDmjw9NkBrMXBZgQ2RUcicEiYBjYY9dU8otprSdrg3UTmIUGEAG2Y797c4gwoJ1CmW+CoxZrYmAwYC2ZkVFyTI74BOo80BppvE22rHxBZJkkn80LB9RgToOQyR8rcyprVaFcq0bYJYgE9Sr8OAPUSwxGKKvHPUcVDKgwxXdVBzJxkiVGR20dy7h5pAu7BpvLiJNMgKYICljJ3ickHaRXQ4IKJdSCCbAwOXXE5BYC4CdpM4IB0LsxRx/NDc4kMGIYMFEbEb5ziN8FTgGNQ4F2evTgn41jYqpUyzH5iD6YX21WeAYt8d74EArAMHMEklv0PvIgrl7CmozJUEgncm0iT2Pb66GQcQLxBTtCrbYomVZYnBIiCGHSf11nKrXVLWN1t0CAYLAxEjqPoDsc+2n3GZ8sMMGWJa4tmZkzk7AR7nM6XcLTpgX1WC57A5X09hBH6DQyM0eqfszp2cDw1zCGIfba1KhIPqeiTgHf2078UV1NmTBUkYM5/l8Oo8po06PDoi70qMEepsUE5yTg5n8530Bz+r1KDmKaKf1/vp+NtPIWavRl+L5vTp8RLMApByTkn0j5aIrc9phSQ4Y7QCJn7aP8NctpvxQNSmjKEqEhlmT0gGDg/79NT/aLxNGnwVREp01kqFtQCDes2wNx/X11TzuOkhPGnsBXntKMNcfQfON4jfQnHeJqFpDXCcjpDRgbxgZxv6n21neQ8meoisajSRPSYHxGO3ppqnhlgYV6tpIuN8XZ7iM+ufTTyc5LS0LFRTGnhrj+GgBKgJLScQScST6dvtrR+F0TyAYnqbtn/iOB9rj8s6xR8Lsiu6s4YU5AujqhvzDJAj9e2nfgrlppijWqtUD2gsvmMVDFcyJg5JI3A7eulUZKrQW4sUftl4h6NenVSCRAgjEeXJ//H9dazl/HX8BwNQ4DUp+Xw99Y39svEq1SnB2qLke9Mx/7taTw8wflPLz6I4gexI/pqbbTRSrPMxx5NU3yBfghmGAxE/Ftt8o+R1pDywNw4qAksKrghjNx8trRJODCkQD3A9NYPmk/vLiZCuR6bOQcfOR99ekchY/4dVq4JWtSfJjL+XJn0IY7evrpZ/02PF3oU84CUlWnVUAy+CSCFREYwY9GG8TIzudbv8AZ7Vu4XiFBkAhhH8MG36WoB9NYjxhwstUVngqCsKIDXU0wSMxIJIAMn1xGo/ZbCrxKzK+VSAwTIArC7bYgCPb9QpUv+Alb0BeJaKHiQSpLCjI2z1sInfYE4P+tXI+KvqtUJkALAnFqVFP0PS2wBwPTUvEfFr59F1IKlHVtxHVSI9+7fbQvK+GPmsQGAcvGe+T+oOfl76tOk2ycVpIZ/tEpqttXKtScsjKNr03zsQR+i+40T4d5sK3k8RgOBZUAGxUwcdgbrvqND+MuXlppg3B1pm3bOUMEgicDJPc76VeDuAr0Eq+enl3MrDqu/IwOxMQVT5zpE7SGapmg/ajSU8O1RphKitKsVPUGSZG+am0/bXltyqVa/qVrZBKrPYgRdMHbvGN9eteL6gqcHWtm40r1wfiTqGYjdBmdeSU3DgMn5iWIBzJBAUKCIEgD1gjTci2v8CQfZq+F4m7hlLhy61fwwCAf/DECBESzT2M+hxdQ4+ofiVKdLKvTp2NAYHDFw4HSGOAsxjvrOU+aWUVLCos5UAYlqhtJzJUimGBy2CAYbTHgQG81bigKC3p+EoQ1Q5BtYK0e97CRGZNUUQZzNmajVZGlRQp1bTTRQaimGBK0wSAb1gRBUR31RwvEiWmlAK3AqWWUIBEzfj487Y0zpOgoVWCp0qKmIylYeW6A9ytVYEkAX9hrM8h4sulJbWaxbdj+VsQQu2wgz6Y2IYRxzCuwa6k1MAFmEr8Nt0AMUuBMSWHuRE4pbiCyyt9PMET1I13wtiB7euPnoPmYcEPAtNQE2m4JdIAIaCMAD06SdWU+HLm5WIaAHZTHrAYWkNkAZiJ7aAbChzqoMCrVgYGW/trtZ6oOIUlQikAkAhngx3HVtrtHFGs3HKGUzUcXWq0dUhi9skjYEAGQcCDAAIGl/N2JECWAAcSbThSxLDNoJt3/hIM4kynxIRPJIurKpKg7TKU1LEL03FwcYBBzgSO9RTUao6t0kUyQ2yy4JgAwbS0DvMA5E4wn5dSNIU6ochCwVRaSekQWMystDTgH7EadHjgfMEFobuWHa5thJgm22TmROdTHDhQhkGUUAtgGQpMkGLQIg530t5rQW10hQqGVgfEfhjAOQJ3wZaSCROs1FAatcoXzFEhSSCsSQTtBjc7jsSMxq7h+pS8RhTk5AuJ3HxEg7ep9tCLTeiBVCqTUqFsASYsIztAgfUE++mVER0UiCCbHMZGCRgmMLAGPyrrMysBegz0yYKj5d5wNsQAfsfoBS4Ys4QQbukYwPvsMk799aTimCqEEC3fO7QLj7kYEH00makwe5WODnM7hYGO+Dkn0+WlTGkj0Xk/Fu1KuakxMISQblZsbDeEO2Ntp1R4jrBqrR/l+9q5/no7kVUfu1NJW9QGaO2WiQCbTJ7/APZBxpLVHZiB1MfQEAYP6/z1RPVIm1s6hUuqLT/iaif+ivReMf8AKNA/tX4uKKU85q1SAMyVqvM+0gkekDRPKCrV0a4fGV+ZtZ/sPK999Jf2h8cSKC5+Kq5nv1kj19T9O+lfZvQ78P8ACWUlWfyyexzEZ/TWWrftAriu1FaaR5rU1PteVGD3j3+2tJy/jlVaaopa5bnIPb2IM4iIj+esbQ8I1nr+aKgJ8wOSFNoYtME9vtrslJ4rE541byNb4K59W4peJFW0CnCAKPUPP8h+unfM6/lUZBiLR+oGkngvkbcKtdXa41CGmIGxx3nf9NF+Pf8A6Kp8079/MX/TTq8N9g1lozfjlg6Uas5NQZP+UDGBOwP3PbWr8LOy8t4VXFsNVHfH41Qf3H2153ThwiOS2+CdjmO43k61HB8Y3D8JRVVlS7qFztLE/oR3Ox7a5JK3ZeL9GG8QqafGuGxLsYzs5JnP/NOt34a4kNy7iKZPekAPYsg2GZlVz2zpK1PhqhZmpgyZLQd/nt/LfVnB1xSTiUAwwpmnHYqw+u0jHvrNfEKfyND4it/eTILAtQMg/wAShTmDsWg/PRf7HKsVLCI/BcEkQSRVTeBB+I++e/bPcWH4gX5IdETHeCLmB2BXsfl6a2fg3hKicQD5NqFCLxbA2aIXOSTn56k3SodK2I/GDgJccxI+VzCT9sdjpfyviAHgGMwWgXDYRkbd4018YKipVsUFlqFe28iSRO2Vmc4220loJcgyL4xDAlCBMtvPTn129Y1STvYsdKjX+IaHm8IuWv8AJfIIBBADYIzvO2sz4e438QJ5zM1qkhnLHpkEZ7iR9x6a0i82pVODWn5q3IhRwuSt1M5tEkgMo2+Ws/w3JEQl14kA4OEYFjJ9XaBEnI79tariqFb+Ts3VBQ9AKfhIZD8mn+h15Xy3k1EACtXhgYIUgjAzII3nf+mvReT1WFG3FwIOJAO07juBOvNedVlp8VXU0UY+Y8q0YuNw7qQYPr9503KnKKoSOm6I+IuW0f3eKL3MSVMKFzTDQeneYMT/ABDOtRw/CUay0qwYWsiNGxkoAZhZ2Ud9z98fxFdXi2gKZBk2qcAA+jGQZ9+31p5fAQK9EYYgFiVBEmBMHIGNRcZV2UyH/KfKsW+CQWpBmC/htWpqyNEYK14GIAlu0zneVo4imJpsXqgq0i1uiMdh1R9NHRhl8hEvQrJrGCMGQCnYiQJBk40NVI8xGa0kIgnPUyrB/LOcH5j7saw7mvD1SlNQFJuXIH+ZRviNyN+59NU1+H4hFuMYzEKfvvJxuZ7e2vlbiZVhLZCwZJj07YyTozhq5ZS6vUCriWDGTORaVZQYk5MdtBNh0K05m8DC/wDWB+nbXa0lPg68D8WmMDBuBHzHmYOu1sg0GcuoNNV/LW+wUy4yXAa5rbptS8GCMMGLR0DSnlfMxVq+SAXV5domCoBEkzJgG6B6yIidXcn5qRSqMoS20lUUmQoDKkknJYs1QxnDnPYPlNPy7qxsuAKU6agSCJLdbEQwJII2gnJ7MkAb1uLJLUwgQJAIugZksokyUEBZG8KRGNLOacwCygAZ+gRAwuZkjckEx6YmdXVTefwZUNA2ibjnc4CgHO2W7xA1Oi1OHdC7IIW1sAHbI6cQdydoBM6FGsMp0FY9TAyAD7G0Ale8b+0T7AkV+KFJUHR5rsWKgSSSwAChhNogdgsLv1DQ3JqbVHcqCOoCYJkGQxgb5AAxGZ7DRXGcEXqgx8Iid4mL9hnoWJ9WmMxpX2P6sF50oJULlVBVcHLdUtJ/NN2M411Py6jKHQTlgAYgiCTgHG5gfU9tfKwpk2qxuYE4UnMHIE75PaZ9zpbR4BWBEuTJwFwsW7k7iZM7GD8zsdAlJmqXmIWlKvBugHB7qQvyhTgHMfXSXmPNyjAu5F3wIAbmzmMgKDI7TvtGIPSpimqmqsl5WJBA26gR0iGWPeTkDVnB8iZgCatN2INzGk3xdUr1AY26pme0Y0iePYMrWz54Q5s1biVRfw5vZQoAVgtNzLmSzOSBnaJ9tBeOK5ZkFpICNIzgrWrK2RGAFBEdiNazgeT0abAAkuAahcKBB2C+snJk+h0q5/yyizFbKhy7VGjMsJOVJXezA9Pc6aM030Fqo9mg5TxVKnw9NGemG8tQVuUZI2MbHf10mXjVVsUlmcsLfT8vREYHv9SToB+WrVRPIrIhUdXmhpj2MQzDEwI74jQtblRwz8Q9uRgR2BggZBi7cZ2wDOut/wARFpJHKuKSZqaPOGfdFt7CJIOe57idIfHPN2/d6yXA3MhUR8IVkgR6ECc6FXh1CQnEuhJtW+ZddpgAkHfb19tDJ4cZxPm3Uwcye/tIg/Me2llzxoZQpifl5JRWaJJx+uT9RrR8Bz5TSSnYfwmnGcsDJz8x99BryZzJtkQbpwI+ZxORvGiuB5UKakBupgCyiPYgdXfP0kaj5IlaE/MSpc2So9PcnPtER/sagreWvmYMCPWGJOVjI6SN5zOc6cpyRj1AODgiVBKiDOLoZdtuw99T4bwa9QQaiopiJEkn3kgSPnuBoPkiFIJ8L8eFhQQSFQwIJVigJHpBIMbfTW/8J88pVXKBhIJA7W7SPlJA1iaPhuihSXEhsiTkEg5mCptKTjGNtFcj4Opw9Y1XqUrXcwJ3ECIPYi0RM+50knGQ8dE/FHFFOI4ijhVdyy9M5vW+cHEMg2+vfWXbm4Sw0mBIbJgywKsGmd8H+ca2fMOE4evXaoTBqGFIC5uphD3hj0z27aRcR4Ec1ns4lLbgTIgqCVjpB7yd8ZHrrLkitNmcX6EXL+ZU6fEs5QlGpgeWc2lSoONvybbQ22nD+IxUUr5fVkKJAGNpFpaBjv6RGjn/AGZ3C795JYSJtO2J7j9D6iNQq/s6DAr+8Hu1pklSBOQDIOR9CPlp1/EQ+xHxO+j5S8S1A4QUyWhVuNRoGJ/gEAQc+m+s9zfmRevUfCMQhIJn8oA+LuRjJO0Z07qfs2bdC1XE2wwJ9OuLR6wZABOTOGHBeAWBBNJ3MQBUFo7xsCCMmRO8emtLni12DxtGMXijEAEkA7gGJntnHr9D767hKLs0JSTv8IYyZMSAoH9Jga9A4fwOxnzOHpU8yCjk/eSM/fTLgvDrUoioq/8ASP1z6am+eI3jbMBwnhqq8lqbAkdgQB7we8fTfGpVfDFcHZgPeY/lGvUqPC1Ac1Lvrv8AppfzvlXE1hahpqpBkNBMxiLqZAg+/wDfSrni+zPh/DzFeWOCaYZoZuoICRJIAnGN5+p0Ry7h6iy5qMwUSFYixmPwgi+N8kfwhta/gfCjJJqBZyRm4g5i3fIBO0ZG2pV/CVMFmqWiVIY2kM0DeWY4AO8aL5Y/YFxsxP8AgtQ5bicnfK79++u1sf8A4Xp+jf8AUv8A+vXaHlX2H/ZmjzEK/wCHSNsMQr9ReAoBClSQuFUGBGYEnRXGUaZK0kuWOgWgPFrSQbxMS4lu2Z7aX+H1ZvMYEqiPgE5a0oowMk3KDP8AlI2wfvLKh8wkdY/EdnJCyHMEAEkmRKbkiQQBka6UKC8fcvmBWJIhviyqYQjeJM4jGPUCJ8NSBKLWdjKGwKJOS0QCerNsRExuAMdXWn5xDQ0QKSYhVbYOCCJ6gFSPWYDaM4TiBV+AtTh1LKiwrjcvjBaTmGIM7CCSQDDlykLaZJAc2oIUkx3BIgAmG74+hSvVCEKxCgBx1GEAIhYUXbnMkmSdttWcA601vKwoHrsSgIAn4QBsBsRqylNpttVIkrAu2JBAI33Hr74JMZPZZJVtgi0BSXy5VnqEIxdjKtB6PQkSZAJnEzjQHHcOVP4nly7WrLl92NsKGAWZgY/9UjRzV0os9U1qri8xTUMAWDERN1pIAY5+KBORqHCVFrUrwlMsTOKZviFClSwDYEi4kk2iBGNFX2K2gPhaxrM61+GR3XKqDdG8ETUZQMHpT0GIIkzj63F0rQnCgUmglRjNwxDQ3f0yWxMQK+EdlYAoKQWCcxMliWDd5ENBUEgab8DzvzkLMadhDGIqXAKoiLllmJDS0SYJE51m/wAFSTA+Tcd5oBctSe4WqsgwIa2DgqApE9gY75Nfj6dNmNSoGABcguCQGI2AQEATGZwD3wU3iDxKKZej5fk1wwOUBkMTe9MRZBBwScyxIBJ0t5zzWi1SnTUmorlSr3AuGHQDDDqb81jkSWJEYOtiHQx/xPheIYClTXA3bzDiQJiYCExuBk7aIrcopNa9biV6GWAjBUUSDvEnGcBe3vOP59y+rSmbJvUd5qRAXcSAq2zdbktMnGquW16lNpWo18RKMDYc7T2APbHbbTOP0CzYUvCqub0UoJEMWMnA2Sb8Z9PbRnH9FFRVZ2I6groo2m2SVHUR2JzsAQcpKPjKrTRSahZTeDUVhcLWVbQ2Y+Km2exA04p+NkqugqJANylSwx2LEOY9QZ7YkzGptSNour8yqZUKQx26QYiJEAi7EHv8tU8FXpsyu5pvUaDeFmRC5ILgbCJ7Y3I03TxFSeba9pg3SsxN1uZHeRgxttcszHAUyhbzgxAIVjaPQgwAASB22GBGNT69GSfoEbmjtalCkLCRmCxgekMAIbE+/bMLhx3EwfNo1JN5Kr5pUgECA04JJkDsPU40+4LhlTpUkkDNoEbnMiFnJ/XX2qWUGZUyYkztnABP6xttnDKl6DsRcg8N/vKqalfiacDqVgA04t66l2wU9u4OndD9nXD22F6pW67/AIg9QYhVUQYHad8g6GfnFKmxJYEhZBN0RETIBAyY37jPpRxXiTawKDJEucAYyYkgRn6+kS2T+jUvY64DwLwdF71Faew814HyzI++mTpw1AXLTVPU3H7nOT76ydDnlUEyKTgY/wCIBnqxBKyMLJnExO41NOeVTIuoowxdIIBg90HaQcevbfSuLl2x1ro0HE88RMCizCZhaZMxOQIzEDbSnivFVTzSadKFWb1YBS/T6sV2EYE77HsHzLnT2oJKuWIJsJkQYtABvNwncAjbSfjuIqIwY1vMQ1aaVFZiGF3mEBrVMKPKGd98DB0FwxDlI1aeL2IIPDuCq3QrKTAJGw2O+BOqK3j5UcoUYOxlQTbcCBESc9+8kDaNJ+N5s7qwZQXYkGwheqDD3YZVuHYwTcBOdD8TUsNRahFozDMIOWJBUwZJlhgwAF7iQuGKBm+hxU8WVHYMVVQWKyXEAi4S0HAldvZtjkGLzS+VMC1uq9zgyQQSuJEMcST7xGs5xFe5mFwVmWCDT3n3YXKGJMkATJOxGh6XFWACnVpkgGGUCZmNhmO/c959W8UfQc2a3iOJWnk1adqySUeSMTDTkT8hMRq6jzFzaiVSIC4ZQ6wLdzgyQD999tYvmjOwIPUTdliZuJklNyCZkjbp77GNOvxALA1HZiFpiCXCgGIhZM5iWYQAe+QHwoC5HZ6lwgSBLIGYibSBINvczn/L6aV8YpJlaoJQ7SJmCP4SZkntM6xp5hXJCkriP4WGPk2NwIz9BMWcZzqt0oQ4AxDdEQOrpUZHw5AN3Y7zvHFLSNmOv3I/x0/v/rrtI05xTgfi1v8Ao/8A667SeNlLQnaoq0UpKocVCrOZmUEn8gweoAAeh+ImdL6vmtYtLh6gCrasgyILb4gZJJBMSerCkDtdrtOUq5MF/eav/iEKZjYWlADcZ6oie2Tn0cct4MXljAZpKgDA7KMkgEycAiPSM67XaD6AuyfFcw8u4llpr2zmo0qMiRMgZzIEEnfV1PmTPh6ZK7glT1AMI7ZH5cYPv27XaVpCMmvH2AE0cMGUKBf6m4u0IDAJjI6o7ma6VW4+awZmgC+8R09sMROASV7x8z2u0A9EK9WkS+KzMbOokwCJyGiQSYP0GckEioqVURA9SiANmb8xZS056gZgKcCF7yT2u0xsmX8dyqlxFUPUBYi62T0sbjliBCrbBgSDB7HFfD8qWmaZVhcjdUFpcl9rpCrIK9Nuc67Xank6Nk7Kq3JqdWoKv40G6YnOW2ULjf4mOQBiQSftLkFIVAQUAmLBtBxAulhIAjfORg67XaZDros4jkoq00UOQFBtdSSepVkZm4dCnOMDPbQlfw7SCAVKt0FiYuE5BGxJMSR23GMGe12mMU8NbTFtsXrB+JiIKsdzB+FcCO8gnTqpzJ1MBckW5EmVGfzdjIODGc41812gwjBOaVSILsAsnp3YHYTYBsMwARnfVIqkqUc1DcVYmZmPSQTu8wPQex1812hSDbBanLFOGUSAxuqOSScdiAo+ExG0fM6F47w2bVIqL8ZJJmLTAER7DMzOBiM9rtAxXX4ewdTFpukhgg+FRswJA2+HGD6mfnDcxpKSz0/SQHukwYmOoyUJ23Py12u0w3o+8Dx1KmACA+JK2EmcmcjJuQAZGI7Z0fxHF03vc0gHlQCqqFvA2LMdzaBjtrtdoARTxFRCrMadMQUuqKVJWcwAMCSq+5B+w/A1Ci1EVXIZPLudGYqCLbTLhCgEnC/EcEQV12u0EayHB8ETbWZgYEXCFHxEXXDIPrBwM+2o8RwVJQSLgvTACysZyYww7AmTkica+a7R9gRbwfMFC+WoUgwc47TAgTMH7dtW1+bAlVpgncFjIyN+8xtkgCfkddrtEwRQrmqNlxGzRAj0KnOY987d7W5WGwahBGwKz8h0gSPaY1912mpBKv3Qf+cv/wBn/XXa7Xa1C2f/2Q==	\N
5	3	Sunset Beach	45.2671	19.8335	Enjoy a picturesque sunset by the beach.	1	https://cityfurnish.com/blog/wp-content/uploads/2023/08/beach-near-hotel-min-1200x800.jpg	\N
6	3	Morning Beach	45.2559	19.8442	Enjoy a peaceful morning by the beach.	2	https://cityfurnish.com/blog/wp-content/uploads/2023/08/beach-near-hotel-min-1200x800.jpg	\N
11	5	Canopy Walkway	45.2671	19.8335	Walk high above the jungle on a thrilling canopy walk.	1	https://encrypted-tbn0.gstatic.com/images?q=tbn:ANd9GcTHsbfBcCmc-qk5GXxmf0Mr8dKApQ7RAThhCQ&usqp=CAU	\N
12	5	Waterfall Exploration	45.2559	19.8442	Discover hidden waterfalls deep within the jungle.	2	https://encrypted-tbn0.gstatic.com/images?q=tbn:ANd9GcTHsbfBcCmc-qk5GXxmf0Mr8dKApQ7RAThhCQ&usqp=CAU	\N
13	5	Wildlife Safari	45.2671	19.8335	Spot exotic wildlife during an exciting safari.	3	https://encrypted-tbn0.gstatic.com/images?q=tbn:ANd9GcTHsbfBcCmc-qk5GXxmf0Mr8dKApQ7RAThhCQ&usqp=CAU	\N
14	5	Treehouse Adventure	45.2559	19.8442	Stay in a cozy treehouse nestled in the jungle.	4	https://encrypted-tbn0.gstatic.com/images?q=tbn:ANd9GcTHsbfBcCmc-qk5GXxmf0Mr8dKApQ7RAThhCQ&usqp=CAU	\N
15	6	Medieval Castle Courtyard	45.2671	19.8335	Step back in time in the courtyard of a medieval castle.	1	data:image/jpeg;base64,/9j/4AAQSkZJRgABAQAAAQABAAD/2wCEAAoGBxQUExYTFBQWGBYZGhoaGhoaGh8iIxodHxsaIiAgIh8gICsjHRwoIBobIzQkKCwuMTExHyE3PDcwOyswMS4BCwsLDw4PHRERHTAoIigwMDAwMDkwMDAwMDAwMDAwMDAwMDAwMDAwMDAwMDAwMDAwMDAwMDAwMDAwMDAwMDAwMP/AABEIALgBEgMBIgACEQEDEQH/xAAbAAACAwEBAQAAAAAAAAAAAAAEBQIDBgAHAf/EAEMQAAIBAwIEBAQDBgQEBAcAAAECEQMSIQAxBAUiQQYTUWEycYGRI0KhBxRSscHRFWLh8DNykvFDU4KiFiQ0k7LT4//EABkBAAMBAQEAAAAAAAAAAAAAAAECAwAEBf/EACcRAAICAgICAwAABwAAAAAAAAABAhESIQMxE0EiUWEEFDJicYGR/9oADAMBAAIRAxEAPwDVtT1VUpaOZNVumvUPOFr09VhNH1Kehmp6Jik09RNPRIXX2zWABmnqBTRjU9RNPRowGU11uiCmoFNGgEaa6Mor3nQyromhOiYLKaR894WDPrrRUDI0NzbhrqZPpnfQCYxk1WyaLqJnXU+Gun20KALmTUWTRlSnGqrNAIJ5U6nR4J2MATo7h+AZptPz+Wo8I/lsCQd9AIPxvL4A7kYONUUOWlpMEfSdbTlvCUqyliudE8X4dqlWYKEQCIGJ/wBNTckimDMDS4eDdbI99EpwDghogd9aMckaohAIFhEEgzPyG+tNwfg6iKQFV3YxMzEH5D+RnSy5EgqDZjuW8lq11lVIT+I4+ue2vnHcgcLdHTmGn7GNbXm/NV4ZVoimSgETGAMAT89fOVKKw+EQu0jH0Gky9lMUYXgZpCbp/wB7a1HhTlNN3NaoucRO2c7acU/CtK8VDmOxiPcxG/z0XzviadOkdpAwP+2g5XpDJUKudhQxVQBPfWV4o06bfh9TdzqHG83q1CVWfSf+/fWq5byfh7AadKahAJLm4j5k6PQOzN8u4lVl6wgsYWe2j/8AGKSkJTNzMQCQNvtq7nHKUMXMZ75/SNtK+Xq3DVb0MKemDBu+nbWMPOJ5PSUeY4vqNuT/AG0q/wAMpM99QgxgKPhH9zplzXm6qhLzPbB1jOK5ixbAxM50FYWzR/u1D0/XXaz3+Iv/AAj7a7RoFnoxTUGp6KKa+Gnq9nKAvS1U9HTFqWg+MMC1St5iAWgkSLo94n6xo2YF8sTEiYmO8esenvqivxlJSVZ1uXJE5G8fU2nGg+DWKrhgb4uDHJgqBJ2xcpED0G05R1eMuaoYwWW0RuYKqJ74uE/10MxlCzV0aivNpmN/1/trqqhRJMf7/wBNJeSqbjvaLQSDJZhefU9TOJ+47DRfO+YgKAw2tLYERMNknEiQvz740ynoVx3RfRrI8hWmJ7EbYO43EifSRO+pGloGwU6VNjhio+GJ7XkwCCSWGJ9NyNW8PxQkMJj8w92MsSeyiZETOM6Kn9gcQlaWrqVLOonilutjuRPpEb/WftotE1RNMQnwqQY0RWpSCPbVKgjOik0khkzE8Xw8MR76pCka0XPuD6g/Y40tocCzmFBP00fQPYpdNctCT6D11pOG5WX6BStM5Mn7ZmPpo9/D1MNYE6gASZJgaRySHUGwXw3yWiTfUMqItE/F7k+ntruY+HqTVJojpxImYPzPb21fzjg6VNRTpKwJIBJYx88n21dy7lxKgls/5du2/rqf91lUvQHwPC1OHqXMysmCSPyjvjWo/f6bKYMqO520m4jhzMtkTE+g/md9M+K4dBQeFBlT8Xr/AE1OdNqykddGb46vUasPKiR/AMT223OqOJ8T1VdVYE29tpO22m3hhwFJI6u5jYemkPMqQbiZqGULSfWPn2GmS2K20jUo1SrSnyAQROSNVmsaShMBiMAHM6s/xaqQqUqfScBoxqtOUBqq1mJJG4nGpr9HJUBxZgStp3JO39zqfHIqwrNcWMSf7abCAMA/bSjnXHoIG79gMnQTthYi4/lFJS1RZuAwAMH5ADOm/JuFqCl3DQMtj+WruSUahJNRQPSd/pHbVvNOOtIRBJP2Gi/oBnON4ZhWDVXVhOwM/wBNaKgtIoGFMErkY20LQom4s1pbtjYevfR3GVTYbYXG/wDvbWZjOc45xe9lskeg20u4jhxVx5cn1Izo/iK7SAq/UbaktSqOpmGjRrAByA/wt+uvuj/8VT/zX+3+mu1qNo1Hl6mlIbnbX28AScAbk9tKedc0WKW2XkAgkStwzBE5IgesHQbfogkhi7KZjsSPsdZbxLTLg1VeFwk7WsriGJGyhsTJi7tme4Bnp1mR4LBhB/iUgsxLfwy0AYE43Oieb0EcKXWUaQSrEwGByBgzkGBjE9tMrSNVMS0QrNfIh6dhKzItDFexkkIxu9d/ddw6otRzhnpo1gEwSXtQmBIB8yocgn5Rk6rVakryReJZCFGSB3EYwXuj2GIOlvCUCagBFoKq6zMi1XMEQICxBPpgGdYohlwXCNHlKxlVEnO92TKyCsZnvI9BHce4RaamSUKK0DOagJEgkkZYYBkkHvozh+hmmTcjM2/wSgifWSZOO3sNV1+FFtRgMX0lAOR01B2JHYGJxuPQ6f0T9iznXE9VzYEkbYAm4LB+RwdyMxpnyemxpuxgggVC5PoSVEDtH8tK+LQM0XEnfqJADQs75k27H202qVRTphFBYlioieq3ME53GLfVhsJ0E9mktJC3l3FM0nAiZYHO+wzuWb1iY9NNeD46aihB0IoVQAdyswYmIgfbSvlfAMQu9pLjAHT2JM+ojc4Mz6ljwnC9SC6KnxH4ixBHrdv2wATGmUtAklZolTVtIaDq8fRoWLUqolzEfiMFJgMe59YEn10w4dlfqQhh6qQR9xreRdEkmtg3M6c0yNU8m4qnSUzgzOmVenjSetSmcRqkKnHFhcsXaGq8zpmTdB7aB5hzLMqczvoM8OluZnV/CUbVuFxz6f7Ot44xHXI2VV67thqck7fT331bQ5VXnpYAEbEnH99M6dN2UO1OCN5/p+mhqHENVOHt9F7n1xqbl9FEvsMNOnTp21GFxG/v7aW805gQmCYJAB9p9NH8Zy12pkOVncZM/wDfSbi+W1WVaaLIJkHOY9Z2+ukhX2NKwvklM1SYchTuI/rq1ORrSrhj1I8zMmI7D+emnKOWrRUdPVAmcn+wHy0VxlRypsX741KXI3Kl0Oo62fXq01ECPkNKuD5oHcwMemhOHqt5jICAe5bfR7cOnxIhYjuBv/TRwUezZWMwcSY1neLPmVQVIBB31ZzOvVgQekBrrQWAA327j030poczRCyXSynOwIAie5E/6+mjFJK7M7b6NfQ4aFJJLE/7+ms0/As1ZnYRHwqTJX7au5Z4pAuWqpw1oIyW3gAAmTjJMfLT3geMpOC1OD67b/TSKTVjNWCcqVUu3LHdmBH9I1CvTD3XAsR9v7alzerVYELCD+I6XtzMhQkzj4jA/XTJexW/QPy3gjUdg0IF2MzPy7aJrU6YhKaGo8gFt49/bQrcQy9Jw2J+pEd+4zj01oOXV0WBiW2943+39dackgxVgv8AhZ9Tr7pj/iNP1/TXzU85BxQm47idp6gGUkT/ABYX5dQ7x89KqlG8NUVZ8ti1pk+smIzMfCfQHJ0S3DVHmLXUAggyrAzgCMdJysnI+YOhOQcWodr+ib3VTMyGhiYkliYmPlE6sc1FXG0LhUqAllQ2E3Z/LOBBwyjEGbm77x4TjAlpZpmFO5DSQ3xbC2RIB2PeDLTheBGUIgQrbAEzMLb3I6d+wHvpTxHBWs5VhkK5Tupx2zjvEGLY2MApmCAQzFqYlltY3EMHpGZuGWM3PjYHPsUHEcEoaqewdmpMZtcLw4NuNnW1lyR3jYw04qt5QuXemHUGbcFlB9gcRbgdInMWqK/MrqNUKJuYC47q4tIHoFPluR/zHaZ0JMeKY04iugrK1Rvgy0Qbzh0AMxbK49ZUYI18q0IFQlyBiowBwCqSJGZGxgY32AGl7VAUSAMqtlx3BJBx3+Hb39xBfAMWpVKhecN2xJUErJJzBC7jc6awOIHzDhlWoIJKqwJGwXLTByD0gn+vbRXH8cDDlmQGADDBhMSZmQQTEDcsPoramWq2pb1BsHadyvqSGZTOBtMRplwlA+cJItpB5ImLVw3YXSxKz7ERjSKVso4pIMM1SqpSYpDWgoVXsNmyQBkYx7Tj7zDjE4Wm9Zyy5yIF9R4AAifYgZAAE4UDV9LxNwzHiGZ7fJCrUjEkyIlYu6umOxAHfXnXNueVOLqlnlU/8OndNo7TJNzHcn7QI0JclIHHxOUqaoq5hx1TiKnm1DJIgCcIo2VR6dydyZJydU0KZUhklW9VJB+++rCVEKQIuKjIJJAUnpifzAYn+ep0nBxBU5wRH39P+x1zXZ3pJaDeF8TcbTEJxNWP85FT0x+IGxjto7h/2h8SDFWlSqfK5D9fiH6DSY09VVqP6aMeSUemLPhhLtI2fCftA4ZsVKVamfWFYfcG7/260HI/FPBvAXjKKSfhqE0zPoBUCz9J15UKPoCe0xP/AH/39aqlER2/v/s6r/MTapkP5WF3E9s8WVav7q5ouCLS1ylSGAyUnsCoIuxuMjQX7Pa1WojVHRD1FQ4YXMYE3AYAyDPeTjAnz39ngAr10WBfw1YEH80BWyMSQAY1oPDnjQ8BVWhXVTRqC8uogo5JFx/iQhVnuN8jZIyexpQXR6PxdOoYEoo7nePp66p4mr5cAG4nG3f5aE4nmXmAMpgRIM4I9fQ4184fmiBSDkwIxPrP9NXUJJI5nONjWlWcAXAT3zqni+PzEgaRV+a1M2mAfb/edG+HuVh/xKoJO6g7R6++s4KCykZTyeMSx+Xj/iETJBkmAfv20dwfMAVnpUCIyQBOwyN/lonj4sItuH8Mb/0++NYfnXF1VKpWWFICEYM4YsDB6Qcn07DtqLk5llFRL35kadRwqswucqbzu7SRcVlQWU9wM6S8bw6s5IDLiagGSIHrkk+4k4PrqdRYWUsVQCM5JDCd4JIPcR3J7YV8dzQUp6mkscsAVIlSNwBODIkRPpqjqC+QFcn8QPj+YVKlXHEMiEBAyBWhRcViYldyJJ7DJGnHLPFNG1KS1fLN6gqIORi8ZIK3SN8RMbaRcbzNKgekyBVpsyh4lmYEBzhh6bBSI7gkHS2ly+oj4UYHSJkGVERid5mZPTONRU36KOH2etcPx95Y1CKgAuEEMAI7nsSOoes+kaCHFfitVuFpW5OowoWBcVjaYJ7iB/mK4zkfiziqMNVozE4ta5hIMeYSVwBktJ3iI0ypVG4lPNrVaaB2FNKKlegy1ounJJX6D2iGc7QsY0w/nnMGqOLHNRiWGBMgiY9ACAFjtmcHRPC8V0u1S6nIUgzlVVs99wWKkjaVBOlXL+U9E04aoWIVbTKgAg9Z6LgskA+oOSJ1LngACQpWFIqUlzctsXiMWyApj+IzNo0LGaROpzPiJP4wXJx149vh7a7SXzk/87/2j++u0LDR6OlOqIgtcBGVLSYzkEx9e0DMYo4uktWmCD5cCUqqRAcHBJYSpxAJEGIzgaW8T48daSxQh7RORAZh0wSY9BkjJ7RGsVzTnVd6rKWbLLcpBClmutU5I/OVIBjpPz1Vtrs5owtj/mHilWZQri8NlwWt6wLwLh8QKjM2iCJzGieV8xUsylg19JlaSV/MLlBbBtDMSJEA7HtmK3GALURWKmAB2n8xggmQTEFhOCZ9Y1KZUdPRhcxkW4JUnMSzYPZho5UNgmaDibjWkEAOpw2xGc47gATjGewGgKHAkdLpdcWRnwbczaCItYq1Q2thjaRM4ZciajVIpm6/y5JHcEb3SJaR7AASCZ1KmSom+A5lS4ACVA7W4xMQJqDe0fPTSdirWgJOVVURapdggUN1KSKZOJKzJVjgldgxMd1o4DjCyw7BA8PObSBiCYIwtkycb4I0+4zjQtF6qqPNVVBT+De7ZRiQWkHtGRgrOF5eEWgxySaNRkWD5qMy3hpME9JmFByASdTboeO+wjhqDJSNa0ec5p0qeJtgAk7dgrOQAZtjOBoXnb1qSVPLQF2RwqgyVVATNxMMFukEAgliT3OiqPHXVZcswpDy6aoGN7NBYzEBgFUbzN8DTjwxwF7V+KclldQUByFpquAMDDEFtgSDnOSspUtDRi29nj1AlTlKvYzYSPurMST6n11I8dSDDqg4kMCuf/UBr0bjuX0rGNqiAfbOdfeC5NTZRIIMDYgztO8wcaPifQfN7PNqxSrTKXESysSlpPSrDse922+B6a+cPRKWlSxtWDcpUk3Ocg7GCBv2n116Bzrw3SRLlRD+XrQGZ2yLY2OCDv274mtypafQtRVwPVfiHaJ9fXv7aRwadDrkT2cOMt3WD6f7G/8Av5teW0vNS5JukRkdiCBkHIKz7/fSR6bimpNrXMVtMkmCREb+nz7a0fBB6T+U1VTABK2GUBE2lVk4m0esa0Ur2GXI2qRayIIuwzbR27YIJx89KuNQ+YYWBYpbtDEx9jjt3PvDjiOJpOQxeJG5pVkEb7sv6x3+moc4rL5DOoV6exZKitgmInsZPoP66o0mqJxk4uwXwcAvFqJ3SqvbvTb0+Wq/GtGKlMx+Q7ex/nnQPIearT4ilVaQiEycbMCuRvcLpMAzGO2ivG/MKFcUkp1VYC4sQcoem09WRi4e+oxWnZabTaaL/Cnic8MRRrFjQOxO9MnuPVe5HzI7gtKvi5P3laqE+SFNIiOpjJa8DsAAAAd7m2wTi0UABQ1w9T3x3ic/XRvJfDVPiFYGsFdSQqkMxt3BEVFjviCffVocslUSM+KD+R6nyvj6NRBXVw1KSJIgAjcEMBB/09dOKPPhCssQwBU+sgR/PXi/NuT1eHCUxVZqbX9CXksRBPRMkxaCZxE9gNei+HufU6gWndTdiBHk5CJ1RczGSQBk7k7DOrKam6kjlcHBXFjLi+YNVaHkZgkNGMY27+//AHB4mmji4wW9iJDKcfCILe8R/RsVQQAuNpgxnt776Er8SZtUXCMldhEbnEDPfb76OMUZTlL0JObiykSxZTcYZFBwxH5G+L4hiQT85GsXxWR1ENcLxtJe7ICHvBk/SQZGtNzjmFMlqUq1NpmxjAB9bSJILHK5BJE5kKqnDEFaYXy4Zt3mGJUKoAljk9gfU9tcnLLJ69HXxRxW/YMGtendbd5VMhiAc2wWgxLi04jETq9uc1QkPWZHvCghhcocVMZIsyuwJ+HYxkjnrVEruFZKaqJCYlSWKS5aKcdeFJIEqTAImgUuLVbBTRarMgVQqnZXJmEy0MNo+IAY0kVQ8nZXTas7Sru1Nes2kgJLbxuTaJ/6o3y78NcFT8xalRaoZTcFJ2LAgsXIxIYgQZEmRvoLg+GemoPEkq5UXGHN2AFW5yQBcKjdHTEARiNd4f5ffTJJCsGMA5HxYBlirFVxjI3mTqkWrJyuhly6kpAIJXpItEwDJwpBFwAGfv3Ok3iXltHpqMzKbrHJdso5AIBJNsMEPoADjaGnMblSy5clSApIIIImCYkHqJ2/MZzGs9405rSegiFvjMEiDDLgracgQWySSDGNjp24xRNKcpd6MhXbh1Zl8vh3tJFxUy0GLj07nfXaVcTzGsrssrgkfCnY/LXahmdGKNhy/hKVSlR8yqymJucyQwNqjfpa3qjYZOxOl3OwgqWllUsbl/EHUtjEHI6WJKbzkmcidFVuWV0LVkdEcjzHDAKLl6kC3MDI2ykfD6iYcLWjiKbrY0vLElYuYXgshiFGMKP4t4tNnL0RS9gTtTRwHiQQtzETUFw7dlEYxiScyTqzn3O1qrTpIqw5GVYYCqWJJj4RcSfiJA+5tbk6Q9F1QsTMhIkCnnP5TMMFuIwJOq6HB+R+Jw6UwE81Ba5ZrgGaQGaSkWjJtkN8yDWhr4BqimjfvZWlUVoDSbsqX2IMo2SCsgyQROna8NUuJklajsF+AnAmf4Q992DgdIMRrGPwZqeX+8WPUhprRIM9YBuAWesbgQbROMv/AA9xS0mIemULXEB7iCrlN2JYlhaYDQbWA08WJJeyvmHDhVSkrEeY1KlvJDeYtNsmYU0WYAHs32nzl76VKkDcy+aVIk/hh2sJ2HUqKFHe4bbaO53RIhyxUkzTCsCJ2LM25ZYQA9OTGwyV4f5SDWqzLojKt0lbnVQOxOFyYBjqH8Mam226KKksmBcnRUgUaasbBc6y2TcTc/YCSQJAMnKkCdjx/CrSoVIiAhCj0uFv9YHsNIuM5lRSrSpBjl1pgqpId2Msv8IgLLt2wBkmGfNXPk1TJkiiPpAP33++jKm0gQumzL8dRuQgiZIGY/MQI399X1K9PhkDVaiosgS5gBjOJj2PftqHFUxb6yy7iSIIP9P10i/aRxEcOgggNVggAAiEfPrMke2dWk1G5E1ukOeP5rSq0nNGrRqWwGKOrGGIHYmJMDWH55SIY2tbAKgQLipYkb+uPl9tGeAaN1HiyCRIoqS2Sf8AiltvYj9dS8SUCAkkM5uDyQMiGDFWFwwYyPbUZfKpFY60JuFdqal0ZDVJkERCSMwAIDZnGZj01qvAig02plQCuZIy1zEkknczP30p4vympcPRDCVtmFMgkC71mOobDZex1ovCXCIo8wK12QGJiVgfl2H2PfPq0F8kaf8ASHu1MMaci76f7jG+31xrMc44aotfzUFuCty7OLm6WBENjpgjtr4/O645s/DsPwyZXpOBaCGJxIkn5H00ZzjmanpsBqFl6UEnY3TtmfXedGbyWgR0xBzjlVMjzFlA5g09rTYSQM5W5SPaQM6H5Xw96UaZsKBLghpqYmZyVkiZ7nOnC8C4Msz52QkWrtvt1d8mBBO+ND1uFhbyriDBa2SCR7EmZPz3HzmUjG7L+E5BSqhgKVO/GbAJHfODO3fSvgeQOvEA/iU7HBChjspkbnYxn66d8DzOuqhUacGC6bRG0AGNxcxOR2jJlGv5jTbOZLH4V6TB98DEEA7TMS3xpC/KwbxFwhdUe3zFE9F1mCLj1DIYkKcmOnOJlh4YrUKfCPXoVL2CBnpNUNyFeo9BboQST0qJGfQC3i6H7xSNESoYQLTlTMra2JIxiJj13K/gfCdFR01uItukqmC3TFhK9sHYCFgYjJc92hcHVMd8i5o1VBdVCkglAQsyDaemFxM/Fjpwd9OaPM6NlodLpWUZBIJIHwnIa5l6SJE/MjArXNNragr1OHYlSBaVGQZ6EgsZb57ZAk6ej5T2tSqVjTJLshabYDYjDITHp3wpBJUK2aVIX+Nq6rA4dKK1nLeYUoKXqEZUGaZjaWMxF2cTpF5f/wAsCxuaiWRoUhfKqEMpm2XKstpiZuS6TB1svEHl0qZrqlMkGALrCzGM5yWkkwCJiZBEHOcHzG8+VU6S622sCVBglYkkL1BD3EAfWU1TKQkpIosPmq7za60yxMm5rVtmRGISZHbOmFFKFKiqpT8tYYAEZJAphmJDwzbCT6xOlHNHc06TBgHstKkRLK7jEYIyMA/ONtX8fw34dP8AEKjy0LTP55IBGQTbGF9z30lNlLRDmHG3qAlWVGWkSZDLK9M2qQCCo7mTJ3M5Pz5EcYLwWFvVKkzJ6twZ9I22xpElOWgPTM9JyY3N2ImcET9ffVqVJAUpdBBtpuvVOxCmNo9ewjQV3o1m44bmlKpaSwDYhMEjC3iBkAAY7RB9RpF4nmoJUQcqwViYsIi5LsbEwCQMQcnQPLeJSiw8xWpm6ULZpsvpsIYBX6diFxsdO+aUFakmAGXBF3e2dh8WZHpt6xqjTcRLSZlq3I6TMWIaWJJwu5MnvrtaH9w4YYNVgRuLhj9NdqeP6Pl+COrwynGSIIwiwCYEiQSzTcN++N50Hym2okhYZrbvzFQoVVYyJCwAQREH01TX45mkEGn8bk73BAxI3BAxGDIIHyLGmgFIN5luRA2GFOQvVJhztnMkSBadm0ynhaqwGqfGoInMEgXdlC5A+GN4j0F3D2squgtUzcRAvcFmNpi6Absx3wcYr43hSbQTf5gaADbK2mWMEwuYyASd4xptwvBJTpBLmyUUxmJhQNvhuAztvtpk62BlFfjqjUgogg9S3y0Qot/NJkSPTAznTNfEFB+HelU4ancyG0ghRtgkkEDADGTnq+Wg+Z8OCzAMwAhWM2xIJGY7QcDfadK3o/8ADVVFRmJQdMjMiSABGDb85EidMpsRwVmo81mdC5UkLeZLSFVVqBCCd5ZIA7wNo0bwvOUSlTpU6vUxvrN3ueTaJzcwGTOBmYyM7zXjAjlrpQtZaDMrJ6cZ+FBEYwJwNZHmHGwbnOdxnbuQM4gznvtEZ0Iy2GUU1R7Q/DCEqzkCVUQAFVHwo9JKTHouYA0R4krKtMyVF1ULkjZVI7+msx+z4MeHZ2ucvXRF7wgsxJOASxGtP4lRbUBTMscgZ2k74nP6aMNz0LJYxpmO5lxU1KNIMYvBJUHMkiAw2EEzkRGl37Q3uWiP81Q+uwQdidMeIoqeIQWriPoYJOZ3j+mj6dOmyggGCJjq/lPbXQ45pxJXVMReAaINCuIw1QA9tqc9/wDmGl/PaLebJLqAWKXnCqCVC9cAKAHEDfGDrbU+GWO577sP5n3P30l8T0gopr5fQSbj6mcCSCQRvI+WllDGC/AxlcjL4CpYCztcsHsek7juQy/6a0VLxFSoU0plixVQpK+pEnbcTPUcY31VyGh5kwqjy4SQoBkzOydhaDonw54Q4WofNqqrFiCFMxAt/Kf+Vvu2li5LaGlT0yXAV63GFTRUlNppC877GofwkOxgsTntBi7mPhjiqRBQ00DrlSSzSpkkuoxddbAJwu+Wlp4p8S1OGfhuH4axRJeoSsgIDAVV26iDJ7CI30755xQqU+HqgYdSwHpcFMf00tyctsaklowlajxNPLUqJAyetxAz6z7/AHPsdKuN5vEo9G6GW5FcB5bEgFRgGA23xhu+oVONr1+KZXqlKCs4WnMX9RtyJOZnfAEfIKpUfz6T1CITzKdxEHFJmUtGJUA5HpPfSzSXQ6Ul2bzkvg41LC7UkBElArVMx6kIuAdrWAM+mrPFvhCgOHIY8Q7UirgljAkMDaqwsmPT66wnN+MrPUVr3FKmrFYYqFYhpYZy4MGd9vfXqXJuZnieXB2kstgJOSR0EE+9rD650sI7TYZ3i2YIeHHVfNpcZxFNYDdVVlA7iQ2B230Mq8ZN9PmIqDIDgU3HqeqP998aN8XLUbiKdJKpRbCSqrvmSc4BgAfUnVXA8gqJVXiA5LMVFS8jrBjcAZNx3P8AOJtJRukiKbq2ys0+YAeaa9Kptl6a+wg2EZ2xq3hq/HUyGSjw4bIYgVELCZIIEyCwyDjfGdOq9INVo07KL1De6mopKoEgMbRAdoZVA2EXEGyDR4R4IvXrUag8mupBNNSTSqL+VkBEDtNlo2wMg5pRCrYbwdCtx1P8bh6Cw7UwyO5fCyYJQR1QDmcNjvpJz/h+HpNU6z5qkiLaoLElsxfcVgEdpzEQY0HGczHAgIFKCqzgtaCKbRMkbQTiIg4yNYjhq6VXNJgHplizs5YtOJK/lX4gdpaATGAqz1oEU+/RbzGnTqml5V3U7dPUQoJuaMFhI6hJGcTo11ZHa4jy4Fs4MIpUXSJuMps0tBjBGiH5VRHEUy1Q2VaYpjyyetlYiwE5DENsI+ExGqC0ybcLUDy5HUryDcVOSL0mIi30OEeh1sB4KowaCNxEkAEAkghpAtyP7RkaO5hy9L4qEIxB2UEEsAR0nJwWyNswZGojj4ZKgFIkVrGUgHpqZHcCegxOc2k9zKtxSQzCV8t6akqQQSl4YgFibZBgHJkepBTXY+w3l/CUKtGxlRkwpAJwwCsrRi1jdMEkz3MZjy2kqKKZLirBlgzdSgwXIki8EmSPRpxA1OlxKpIVgS4kZshgy2k4O0LIMg2/LQy83lmU3KSxIhQVAIyw3zjYj806Lla0BKmNYr9mpR2mJ+v4m+vmh/8AGaYwVrSN9j+vfXae19i1+ANLknDmjw9NkBrMXBZgQ2RUcicEiYBjYY9dU8otprSdrg3UTmIUGEAG2Y797c4gwoJ1CmW+CoxZrYmAwYC2ZkVFyTI74BOo80BppvE22rHxBZJkkn80LB9RgToOQyR8rcyprVaFcq0bYJYgE9Sr8OAPUSwxGKKvHPUcVDKgwxXdVBzJxkiVGR20dy7h5pAu7BpvLiJNMgKYICljJ3ickHaRXQ4IKJdSCCbAwOXXE5BYC4CdpM4IB0LsxRx/NDc4kMGIYMFEbEb5ziN8FTgGNQ4F2evTgn41jYqpUyzH5iD6YX21WeAYt8d74EArAMHMEklv0PvIgrl7CmozJUEgncm0iT2Pb66GQcQLxBTtCrbYomVZYnBIiCGHSf11nKrXVLWN1t0CAYLAxEjqPoDsc+2n3GZ8sMMGWJa4tmZkzk7AR7nM6XcLTpgX1WC57A5X09hBH6DQyM0eqfszp2cDw1zCGIfba1KhIPqeiTgHf2078UV1NmTBUkYM5/l8Oo8po06PDoi70qMEepsUE5yTg5n8530Bz+r1KDmKaKf1/vp+NtPIWavRl+L5vTp8RLMApByTkn0j5aIrc9phSQ4Y7QCJn7aP8NctpvxQNSmjKEqEhlmT0gGDg/79NT/aLxNGnwVREp01kqFtQCDes2wNx/X11TzuOkhPGnsBXntKMNcfQfON4jfQnHeJqFpDXCcjpDRgbxgZxv6n21neQ8meoisajSRPSYHxGO3ppqnhlgYV6tpIuN8XZ7iM+ufTTyc5LS0LFRTGnhrj+GgBKgJLScQScST6dvtrR+F0TyAYnqbtn/iOB9rj8s6xR8Lsiu6s4YU5AujqhvzDJAj9e2nfgrlppijWqtUD2gsvmMVDFcyJg5JI3A7eulUZKrQW4sUftl4h6NenVSCRAgjEeXJ//H9dazl/HX8BwNQ4DUp+Xw99Y39svEq1SnB2qLke9Mx/7taTw8wflPLz6I4gexI/pqbbTRSrPMxx5NU3yBfghmGAxE/Ftt8o+R1pDywNw4qAksKrghjNx8trRJODCkQD3A9NYPmk/vLiZCuR6bOQcfOR99ekchY/4dVq4JWtSfJjL+XJn0IY7evrpZ/02PF3oU84CUlWnVUAy+CSCFREYwY9GG8TIzudbv8AZ7Vu4XiFBkAhhH8MG36WoB9NYjxhwstUVngqCsKIDXU0wSMxIJIAMn1xGo/ZbCrxKzK+VSAwTIArC7bYgCPb9QpUv+Alb0BeJaKHiQSpLCjI2z1sInfYE4P+tXI+KvqtUJkALAnFqVFP0PS2wBwPTUvEfFr59F1IKlHVtxHVSI9+7fbQvK+GPmsQGAcvGe+T+oOfl76tOk2ycVpIZ/tEpqttXKtScsjKNr03zsQR+i+40T4d5sK3k8RgOBZUAGxUwcdgbrvqND+MuXlppg3B1pm3bOUMEgicDJPc76VeDuAr0Eq+enl3MrDqu/IwOxMQVT5zpE7SGapmg/ajSU8O1RphKitKsVPUGSZG+am0/bXltyqVa/qVrZBKrPYgRdMHbvGN9eteL6gqcHWtm40r1wfiTqGYjdBmdeSU3DgMn5iWIBzJBAUKCIEgD1gjTci2v8CQfZq+F4m7hlLhy61fwwCAf/DECBESzT2M+hxdQ4+ofiVKdLKvTp2NAYHDFw4HSGOAsxjvrOU+aWUVLCos5UAYlqhtJzJUimGBy2CAYbTHgQG81bigKC3p+EoQ1Q5BtYK0e97CRGZNUUQZzNmajVZGlRQp1bTTRQaimGBK0wSAb1gRBUR31RwvEiWmlAK3AqWWUIBEzfj487Y0zpOgoVWCp0qKmIylYeW6A9ytVYEkAX9hrM8h4sulJbWaxbdj+VsQQu2wgz6Y2IYRxzCuwa6k1MAFmEr8Nt0AMUuBMSWHuRE4pbiCyyt9PMET1I13wtiB7euPnoPmYcEPAtNQE2m4JdIAIaCMAD06SdWU+HLm5WIaAHZTHrAYWkNkAZiJ7aAbChzqoMCrVgYGW/trtZ6oOIUlQikAkAhngx3HVtrtHFGs3HKGUzUcXWq0dUhi9skjYEAGQcCDAAIGl/N2JECWAAcSbThSxLDNoJt3/hIM4kynxIRPJIurKpKg7TKU1LEL03FwcYBBzgSO9RTUao6t0kUyQ2yy4JgAwbS0DvMA5E4wn5dSNIU6ochCwVRaSekQWMystDTgH7EadHjgfMEFobuWHa5thJgm22TmROdTHDhQhkGUUAtgGQpMkGLQIg530t5rQW10hQqGVgfEfhjAOQJ3wZaSCROs1FAatcoXzFEhSSCsSQTtBjc7jsSMxq7h+pS8RhTk5AuJ3HxEg7ep9tCLTeiBVCqTUqFsASYsIztAgfUE++mVER0UiCCbHMZGCRgmMLAGPyrrMysBegz0yYKj5d5wNsQAfsfoBS4Ys4QQbukYwPvsMk799aTimCqEEC3fO7QLj7kYEH00makwe5WODnM7hYGO+Dkn0+WlTGkj0Xk/Fu1KuakxMISQblZsbDeEO2Ntp1R4jrBqrR/l+9q5/no7kVUfu1NJW9QGaO2WiQCbTJ7/APZBxpLVHZiB1MfQEAYP6/z1RPVIm1s6hUuqLT/iaif+ivReMf8AKNA/tX4uKKU85q1SAMyVqvM+0gkekDRPKCrV0a4fGV+ZtZ/sPK999Jf2h8cSKC5+Kq5nv1kj19T9O+lfZvQ78P8ACWUlWfyyexzEZ/TWWrftAriu1FaaR5rU1PteVGD3j3+2tJy/jlVaaopa5bnIPb2IM4iIj+esbQ8I1nr+aKgJ8wOSFNoYtME9vtrslJ4rE541byNb4K59W4peJFW0CnCAKPUPP8h+unfM6/lUZBiLR+oGkngvkbcKtdXa41CGmIGxx3nf9NF+Pf8A6Kp8079/MX/TTq8N9g1lozfjlg6Uas5NQZP+UDGBOwP3PbWr8LOy8t4VXFsNVHfH41Qf3H2153ThwiOS2+CdjmO43k61HB8Y3D8JRVVlS7qFztLE/oR3Ox7a5JK3ZeL9GG8QqafGuGxLsYzs5JnP/NOt34a4kNy7iKZPekAPYsg2GZlVz2zpK1PhqhZmpgyZLQd/nt/LfVnB1xSTiUAwwpmnHYqw+u0jHvrNfEKfyND4it/eTILAtQMg/wAShTmDsWg/PRf7HKsVLCI/BcEkQSRVTeBB+I++e/bPcWH4gX5IdETHeCLmB2BXsfl6a2fg3hKicQD5NqFCLxbA2aIXOSTn56k3SodK2I/GDgJccxI+VzCT9sdjpfyviAHgGMwWgXDYRkbd4018YKipVsUFlqFe28iSRO2Vmc4220loJcgyL4xDAlCBMtvPTn129Y1STvYsdKjX+IaHm8IuWv8AJfIIBBADYIzvO2sz4e438QJ5zM1qkhnLHpkEZ7iR9x6a0i82pVODWn5q3IhRwuSt1M5tEkgMo2+Ws/w3JEQl14kA4OEYFjJ9XaBEnI79tariqFb+Ts3VBQ9AKfhIZD8mn+h15Xy3k1EACtXhgYIUgjAzII3nf+mvReT1WFG3FwIOJAO07juBOvNedVlp8VXU0UY+Y8q0YuNw7qQYPr9503KnKKoSOm6I+IuW0f3eKL3MSVMKFzTDQeneYMT/ABDOtRw/CUay0qwYWsiNGxkoAZhZ2Ud9z98fxFdXi2gKZBk2qcAA+jGQZ9+31p5fAQK9EYYgFiVBEmBMHIGNRcZV2UyH/KfKsW+CQWpBmC/htWpqyNEYK14GIAlu0zneVo4imJpsXqgq0i1uiMdh1R9NHRhl8hEvQrJrGCMGQCnYiQJBk40NVI8xGa0kIgnPUyrB/LOcH5j7saw7mvD1SlNQFJuXIH+ZRviNyN+59NU1+H4hFuMYzEKfvvJxuZ7e2vlbiZVhLZCwZJj07YyTozhq5ZS6vUCriWDGTORaVZQYk5MdtBNh0K05m8DC/wDWB+nbXa0lPg68D8WmMDBuBHzHmYOu1sg0GcuoNNV/LW+wUy4yXAa5rbptS8GCMMGLR0DSnlfMxVq+SAXV5domCoBEkzJgG6B6yIidXcn5qRSqMoS20lUUmQoDKkknJYs1QxnDnPYPlNPy7qxsuAKU6agSCJLdbEQwJII2gnJ7MkAb1uLJLUwgQJAIugZksokyUEBZG8KRGNLOacwCygAZ+gRAwuZkjckEx6YmdXVTefwZUNA2ibjnc4CgHO2W7xA1Oi1OHdC7IIW1sAHbI6cQdydoBM6FGsMp0FY9TAyAD7G0Ale8b+0T7AkV+KFJUHR5rsWKgSSSwAChhNogdgsLv1DQ3JqbVHcqCOoCYJkGQxgb5AAxGZ7DRXGcEXqgx8Iid4mL9hnoWJ9WmMxpX2P6sF50oJULlVBVcHLdUtJ/NN2M411Py6jKHQTlgAYgiCTgHG5gfU9tfKwpk2qxuYE4UnMHIE75PaZ9zpbR4BWBEuTJwFwsW7k7iZM7GD8zsdAlJmqXmIWlKvBugHB7qQvyhTgHMfXSXmPNyjAu5F3wIAbmzmMgKDI7TvtGIPSpimqmqsl5WJBA26gR0iGWPeTkDVnB8iZgCatN2INzGk3xdUr1AY26pme0Y0iePYMrWz54Q5s1biVRfw5vZQoAVgtNzLmSzOSBnaJ9tBeOK5ZkFpICNIzgrWrK2RGAFBEdiNazgeT0abAAkuAahcKBB2C+snJk+h0q5/yyizFbKhy7VGjMsJOVJXezA9Pc6aM030Fqo9mg5TxVKnw9NGemG8tQVuUZI2MbHf10mXjVVsUlmcsLfT8vREYHv9SToB+WrVRPIrIhUdXmhpj2MQzDEwI74jQtblRwz8Q9uRgR2BggZBi7cZ2wDOut/wARFpJHKuKSZqaPOGfdFt7CJIOe57idIfHPN2/d6yXA3MhUR8IVkgR6ECc6FXh1CQnEuhJtW+ZddpgAkHfb19tDJ4cZxPm3Uwcye/tIg/Me2llzxoZQpifl5JRWaJJx+uT9RrR8Bz5TSSnYfwmnGcsDJz8x99BryZzJtkQbpwI+ZxORvGiuB5UKakBupgCyiPYgdXfP0kaj5IlaE/MSpc2So9PcnPtER/sagreWvmYMCPWGJOVjI6SN5zOc6cpyRj1AODgiVBKiDOLoZdtuw99T4bwa9QQaiopiJEkn3kgSPnuBoPkiFIJ8L8eFhQQSFQwIJVigJHpBIMbfTW/8J88pVXKBhIJA7W7SPlJA1iaPhuihSXEhsiTkEg5mCptKTjGNtFcj4Opw9Y1XqUrXcwJ3ECIPYi0RM+50knGQ8dE/FHFFOI4ijhVdyy9M5vW+cHEMg2+vfWXbm4Sw0mBIbJgywKsGmd8H+ca2fMOE4evXaoTBqGFIC5uphD3hj0z27aRcR4Ec1ns4lLbgTIgqCVjpB7yd8ZHrrLkitNmcX6EXL+ZU6fEs5QlGpgeWc2lSoONvybbQ22nD+IxUUr5fVkKJAGNpFpaBjv6RGjn/AGZ3C795JYSJtO2J7j9D6iNQq/s6DAr+8Hu1pklSBOQDIOR9CPlp1/EQ+xHxO+j5S8S1A4QUyWhVuNRoGJ/gEAQc+m+s9zfmRevUfCMQhIJn8oA+LuRjJO0Z07qfs2bdC1XE2wwJ9OuLR6wZABOTOGHBeAWBBNJ3MQBUFo7xsCCMmRO8emtLni12DxtGMXijEAEkA7gGJntnHr9D767hKLs0JSTv8IYyZMSAoH9Jga9A4fwOxnzOHpU8yCjk/eSM/fTLgvDrUoioq/8ASP1z6am+eI3jbMBwnhqq8lqbAkdgQB7we8fTfGpVfDFcHZgPeY/lGvUqPC1Ac1Lvrv8AppfzvlXE1hahpqpBkNBMxiLqZAg+/wDfSrni+zPh/DzFeWOCaYZoZuoICRJIAnGN5+p0Ry7h6iy5qMwUSFYixmPwgi+N8kfwhta/gfCjJJqBZyRm4g5i3fIBO0ZG2pV/CVMFmqWiVIY2kM0DeWY4AO8aL5Y/YFxsxP8AgtQ5bicnfK79++u1sf8A4Xp+jf8AUv8A+vXaHlX2H/ZmjzEK/wCHSNsMQr9ReAoBClSQuFUGBGYEnRXGUaZK0kuWOgWgPFrSQbxMS4lu2Z7aX+H1ZvMYEqiPgE5a0oowMk3KDP8AlI2wfvLKh8wkdY/EdnJCyHMEAEkmRKbkiQQBka6UKC8fcvmBWJIhviyqYQjeJM4jGPUCJ8NSBKLWdjKGwKJOS0QCerNsRExuAMdXWn5xDQ0QKSYhVbYOCCJ6gFSPWYDaM4TiBV+AtTh1LKiwrjcvjBaTmGIM7CCSQDDlykLaZJAc2oIUkx3BIgAmG74+hSvVCEKxCgBx1GEAIhYUXbnMkmSdttWcA601vKwoHrsSgIAn4QBsBsRqylNpttVIkrAu2JBAI33Hr74JMZPZZJVtgi0BSXy5VnqEIxdjKtB6PQkSZAJnEzjQHHcOVP4nly7WrLl92NsKGAWZgY/9UjRzV0os9U1qri8xTUMAWDERN1pIAY5+KBORqHCVFrUrwlMsTOKZviFClSwDYEi4kk2iBGNFX2K2gPhaxrM61+GR3XKqDdG8ETUZQMHpT0GIIkzj63F0rQnCgUmglRjNwxDQ3f0yWxMQK+EdlYAoKQWCcxMliWDd5ENBUEgab8DzvzkLMadhDGIqXAKoiLllmJDS0SYJE51m/wAFSTA+Tcd5oBctSe4WqsgwIa2DgqApE9gY75Nfj6dNmNSoGABcguCQGI2AQEATGZwD3wU3iDxKKZej5fk1wwOUBkMTe9MRZBBwScyxIBJ0t5zzWi1SnTUmorlSr3AuGHQDDDqb81jkSWJEYOtiHQx/xPheIYClTXA3bzDiQJiYCExuBk7aIrcopNa9biV6GWAjBUUSDvEnGcBe3vOP59y+rSmbJvUd5qRAXcSAq2zdbktMnGquW16lNpWo18RKMDYc7T2APbHbbTOP0CzYUvCqub0UoJEMWMnA2Sb8Z9PbRnH9FFRVZ2I6groo2m2SVHUR2JzsAQcpKPjKrTRSahZTeDUVhcLWVbQ2Y+Km2exA04p+NkqugqJANylSwx2LEOY9QZ7YkzGptSNour8yqZUKQx26QYiJEAi7EHv8tU8FXpsyu5pvUaDeFmRC5ILgbCJ7Y3I03TxFSeba9pg3SsxN1uZHeRgxttcszHAUyhbzgxAIVjaPQgwAASB22GBGNT69GSfoEbmjtalCkLCRmCxgekMAIbE+/bMLhx3EwfNo1JN5Kr5pUgECA04JJkDsPU40+4LhlTpUkkDNoEbnMiFnJ/XX2qWUGZUyYkztnABP6xttnDKl6DsRcg8N/vKqalfiacDqVgA04t66l2wU9u4OndD9nXD22F6pW67/AIg9QYhVUQYHad8g6GfnFKmxJYEhZBN0RETIBAyY37jPpRxXiTawKDJEucAYyYkgRn6+kS2T+jUvY64DwLwdF71Faew814HyzI++mTpw1AXLTVPU3H7nOT76ydDnlUEyKTgY/wCIBnqxBKyMLJnExO41NOeVTIuoowxdIIBg90HaQcevbfSuLl2x1ro0HE88RMCizCZhaZMxOQIzEDbSnivFVTzSadKFWb1YBS/T6sV2EYE77HsHzLnT2oJKuWIJsJkQYtABvNwncAjbSfjuIqIwY1vMQ1aaVFZiGF3mEBrVMKPKGd98DB0FwxDlI1aeL2IIPDuCq3QrKTAJGw2O+BOqK3j5UcoUYOxlQTbcCBESc9+8kDaNJ+N5s7qwZQXYkGwheqDD3YZVuHYwTcBOdD8TUsNRahFozDMIOWJBUwZJlhgwAF7iQuGKBm+hxU8WVHYMVVQWKyXEAi4S0HAldvZtjkGLzS+VMC1uq9zgyQQSuJEMcST7xGs5xFe5mFwVmWCDT3n3YXKGJMkATJOxGh6XFWACnVpkgGGUCZmNhmO/c959W8UfQc2a3iOJWnk1adqySUeSMTDTkT8hMRq6jzFzaiVSIC4ZQ6wLdzgyQD999tYvmjOwIPUTdliZuJklNyCZkjbp77GNOvxALA1HZiFpiCXCgGIhZM5iWYQAe+QHwoC5HZ6lwgSBLIGYibSBINvczn/L6aV8YpJlaoJQ7SJmCP4SZkntM6xp5hXJCkriP4WGPk2NwIz9BMWcZzqt0oQ4AxDdEQOrpUZHw5AN3Y7zvHFLSNmOv3I/x0/v/rrtI05xTgfi1v8Ao/8A667SeNlLQnaoq0UpKocVCrOZmUEn8gweoAAeh+ImdL6vmtYtLh6gCrasgyILb4gZJJBMSerCkDtdrtOUq5MF/eav/iEKZjYWlADcZ6oie2Tn0cct4MXljAZpKgDA7KMkgEycAiPSM67XaD6AuyfFcw8u4llpr2zmo0qMiRMgZzIEEnfV1PmTPh6ZK7glT1AMI7ZH5cYPv27XaVpCMmvH2AE0cMGUKBf6m4u0IDAJjI6o7ma6VW4+awZmgC+8R09sMROASV7x8z2u0A9EK9WkS+KzMbOokwCJyGiQSYP0GckEioqVURA9SiANmb8xZS056gZgKcCF7yT2u0xsmX8dyqlxFUPUBYi62T0sbjliBCrbBgSDB7HFfD8qWmaZVhcjdUFpcl9rpCrIK9Nuc67Xank6Nk7Kq3JqdWoKv40G6YnOW2ULjf4mOQBiQSftLkFIVAQUAmLBtBxAulhIAjfORg67XaZDros4jkoq00UOQFBtdSSepVkZm4dCnOMDPbQlfw7SCAVKt0FiYuE5BGxJMSR23GMGe12mMU8NbTFtsXrB+JiIKsdzB+FcCO8gnTqpzJ1MBckW5EmVGfzdjIODGc41812gwjBOaVSILsAsnp3YHYTYBsMwARnfVIqkqUc1DcVYmZmPSQTu8wPQex1812hSDbBanLFOGUSAxuqOSScdiAo+ExG0fM6F47w2bVIqL8ZJJmLTAER7DMzOBiM9rtAxXX4ewdTFpukhgg+FRswJA2+HGD6mfnDcxpKSz0/SQHukwYmOoyUJ23Py12u0w3o+8Dx1KmACA+JK2EmcmcjJuQAZGI7Z0fxHF03vc0gHlQCqqFvA2LMdzaBjtrtdoARTxFRCrMadMQUuqKVJWcwAMCSq+5B+w/A1Ci1EVXIZPLudGYqCLbTLhCgEnC/EcEQV12u0EayHB8ETbWZgYEXCFHxEXXDIPrBwM+2o8RwVJQSLgvTACysZyYww7AmTkica+a7R9gRbwfMFC+WoUgwc47TAgTMH7dtW1+bAlVpgncFjIyN+8xtkgCfkddrtEwRQrmqNlxGzRAj0KnOY987d7W5WGwahBGwKz8h0gSPaY1912mpBKv3Qf+cv/wBn/XXa7Xa1C2f/2Q==	\N
18	6	Secret Underground Tunnels	45.2559	19.8442	Explore the mysterious underground tunnels of the castle.	4	data:image/jpeg;base64,/9j/4AAQSkZJRgABAQAAAQABAAD/2wCEAAoGBxQUExYTFBQWGBYZGhoaGhoaGh8iIxodHxsaIiAgIh8gICsjHRwoIBobIzQkKCwuMTExHyE3PDcwOyswMS4BCwsLDw4PHRERHTAoIigwMDAwMDkwMDAwMDAwMDAwMDAwMDAwMDAwMDAwMDAwMDAwMDAwMDAwMDAwMDAwMDAwMP/AABEIALgBEgMBIgACEQEDEQH/xAAbAAACAwEBAQAAAAAAAAAAAAAEBQIDBgAHAf/EAEMQAAIBAwIEBAQDBgQEBAcAAAECEQMSIQAxBAUiQQYTUWEycYGRI0KhBxRSscHRFWLh8DNykvFDU4KiFiQ0k7LT4//EABkBAAMBAQEAAAAAAAAAAAAAAAECAwAEBf/EACcRAAICAgICAwAABwAAAAAAAAABAhESIQMxE0EiUWEEFDJicYGR/9oADAMBAAIRAxEAPwDVtT1VUpaOZNVumvUPOFr09VhNH1Kehmp6Jik09RNPRIXX2zWABmnqBTRjU9RNPRowGU11uiCmoFNGgEaa6Mor3nQyromhOiYLKaR894WDPrrRUDI0NzbhrqZPpnfQCYxk1WyaLqJnXU+Gun20KALmTUWTRlSnGqrNAIJ5U6nR4J2MATo7h+AZptPz+Wo8I/lsCQd9AIPxvL4A7kYONUUOWlpMEfSdbTlvCUqyliudE8X4dqlWYKEQCIGJ/wBNTckimDMDS4eDdbI99EpwDghogd9aMckaohAIFhEEgzPyG+tNwfg6iKQFV3YxMzEH5D+RnSy5EgqDZjuW8lq11lVIT+I4+ue2vnHcgcLdHTmGn7GNbXm/NV4ZVoimSgETGAMAT89fOVKKw+EQu0jH0Gky9lMUYXgZpCbp/wB7a1HhTlNN3NaoucRO2c7acU/CtK8VDmOxiPcxG/z0XzviadOkdpAwP+2g5XpDJUKudhQxVQBPfWV4o06bfh9TdzqHG83q1CVWfSf+/fWq5byfh7AadKahAJLm4j5k6PQOzN8u4lVl6wgsYWe2j/8AGKSkJTNzMQCQNvtq7nHKUMXMZ75/SNtK+Xq3DVb0MKemDBu+nbWMPOJ5PSUeY4vqNuT/AG0q/wAMpM99QgxgKPhH9zplzXm6qhLzPbB1jOK5ixbAxM50FYWzR/u1D0/XXaz3+Iv/AAj7a7RoFnoxTUGp6KKa+Gnq9nKAvS1U9HTFqWg+MMC1St5iAWgkSLo94n6xo2YF8sTEiYmO8esenvqivxlJSVZ1uXJE5G8fU2nGg+DWKrhgb4uDHJgqBJ2xcpED0G05R1eMuaoYwWW0RuYKqJ74uE/10MxlCzV0aivNpmN/1/trqqhRJMf7/wBNJeSqbjvaLQSDJZhefU9TOJ+47DRfO+YgKAw2tLYERMNknEiQvz740ynoVx3RfRrI8hWmJ7EbYO43EifSRO+pGloGwU6VNjhio+GJ7XkwCCSWGJ9NyNW8PxQkMJj8w92MsSeyiZETOM6Kn9gcQlaWrqVLOonilutjuRPpEb/WftotE1RNMQnwqQY0RWpSCPbVKgjOik0khkzE8Xw8MR76pCka0XPuD6g/Y40tocCzmFBP00fQPYpdNctCT6D11pOG5WX6BStM5Mn7ZmPpo9/D1MNYE6gASZJgaRySHUGwXw3yWiTfUMqItE/F7k+ntruY+HqTVJojpxImYPzPb21fzjg6VNRTpKwJIBJYx88n21dy7lxKgls/5du2/rqf91lUvQHwPC1OHqXMysmCSPyjvjWo/f6bKYMqO520m4jhzMtkTE+g/md9M+K4dBQeFBlT8Xr/AE1OdNqykddGb46vUasPKiR/AMT223OqOJ8T1VdVYE29tpO22m3hhwFJI6u5jYemkPMqQbiZqGULSfWPn2GmS2K20jUo1SrSnyAQROSNVmsaShMBiMAHM6s/xaqQqUqfScBoxqtOUBqq1mJJG4nGpr9HJUBxZgStp3JO39zqfHIqwrNcWMSf7abCAMA/bSjnXHoIG79gMnQTthYi4/lFJS1RZuAwAMH5ADOm/JuFqCl3DQMtj+WruSUahJNRQPSd/pHbVvNOOtIRBJP2Gi/oBnON4ZhWDVXVhOwM/wBNaKgtIoGFMErkY20LQom4s1pbtjYevfR3GVTYbYXG/wDvbWZjOc45xe9lskeg20u4jhxVx5cn1Izo/iK7SAq/UbaktSqOpmGjRrAByA/wt+uvuj/8VT/zX+3+mu1qNo1Hl6mlIbnbX28AScAbk9tKedc0WKW2XkAgkStwzBE5IgesHQbfogkhi7KZjsSPsdZbxLTLg1VeFwk7WsriGJGyhsTJi7tme4Bnp1mR4LBhB/iUgsxLfwy0AYE43Oieb0EcKXWUaQSrEwGByBgzkGBjE9tMrSNVMS0QrNfIh6dhKzItDFexkkIxu9d/ddw6otRzhnpo1gEwSXtQmBIB8yocgn5Rk6rVakryReJZCFGSB3EYwXuj2GIOlvCUCagBFoKq6zMi1XMEQICxBPpgGdYohlwXCNHlKxlVEnO92TKyCsZnvI9BHce4RaamSUKK0DOagJEgkkZYYBkkHvozh+hmmTcjM2/wSgifWSZOO3sNV1+FFtRgMX0lAOR01B2JHYGJxuPQ6f0T9iznXE9VzYEkbYAm4LB+RwdyMxpnyemxpuxgggVC5PoSVEDtH8tK+LQM0XEnfqJADQs75k27H202qVRTphFBYlioieq3ME53GLfVhsJ0E9mktJC3l3FM0nAiZYHO+wzuWb1iY9NNeD46aihB0IoVQAdyswYmIgfbSvlfAMQu9pLjAHT2JM+ojc4Mz6ljwnC9SC6KnxH4ixBHrdv2wATGmUtAklZolTVtIaDq8fRoWLUqolzEfiMFJgMe59YEn10w4dlfqQhh6qQR9xreRdEkmtg3M6c0yNU8m4qnSUzgzOmVenjSetSmcRqkKnHFhcsXaGq8zpmTdB7aB5hzLMqczvoM8OluZnV/CUbVuFxz6f7Ot44xHXI2VV67thqck7fT331bQ5VXnpYAEbEnH99M6dN2UO1OCN5/p+mhqHENVOHt9F7n1xqbl9FEvsMNOnTp21GFxG/v7aW805gQmCYJAB9p9NH8Zy12pkOVncZM/wDfSbi+W1WVaaLIJkHOY9Z2+ukhX2NKwvklM1SYchTuI/rq1ORrSrhj1I8zMmI7D+emnKOWrRUdPVAmcn+wHy0VxlRypsX741KXI3Kl0Oo62fXq01ECPkNKuD5oHcwMemhOHqt5jICAe5bfR7cOnxIhYjuBv/TRwUezZWMwcSY1neLPmVQVIBB31ZzOvVgQekBrrQWAA327j030poczRCyXSynOwIAie5E/6+mjFJK7M7b6NfQ4aFJJLE/7+ms0/As1ZnYRHwqTJX7au5Z4pAuWqpw1oIyW3gAAmTjJMfLT3geMpOC1OD67b/TSKTVjNWCcqVUu3LHdmBH9I1CvTD3XAsR9v7alzerVYELCD+I6XtzMhQkzj4jA/XTJexW/QPy3gjUdg0IF2MzPy7aJrU6YhKaGo8gFt49/bQrcQy9Jw2J+pEd+4zj01oOXV0WBiW2943+39dackgxVgv8AhZ9Tr7pj/iNP1/TXzU85BxQm47idp6gGUkT/ABYX5dQ7x89KqlG8NUVZ8ti1pk+smIzMfCfQHJ0S3DVHmLXUAggyrAzgCMdJysnI+YOhOQcWodr+ib3VTMyGhiYkliYmPlE6sc1FXG0LhUqAllQ2E3Z/LOBBwyjEGbm77x4TjAlpZpmFO5DSQ3xbC2RIB2PeDLTheBGUIgQrbAEzMLb3I6d+wHvpTxHBWs5VhkK5Tupx2zjvEGLY2MApmCAQzFqYlltY3EMHpGZuGWM3PjYHPsUHEcEoaqewdmpMZtcLw4NuNnW1lyR3jYw04qt5QuXemHUGbcFlB9gcRbgdInMWqK/MrqNUKJuYC47q4tIHoFPluR/zHaZ0JMeKY04iugrK1Rvgy0Qbzh0AMxbK49ZUYI18q0IFQlyBiowBwCqSJGZGxgY32AGl7VAUSAMqtlx3BJBx3+Hb39xBfAMWpVKhecN2xJUErJJzBC7jc6awOIHzDhlWoIJKqwJGwXLTByD0gn+vbRXH8cDDlmQGADDBhMSZmQQTEDcsPoramWq2pb1BsHadyvqSGZTOBtMRplwlA+cJItpB5ImLVw3YXSxKz7ERjSKVso4pIMM1SqpSYpDWgoVXsNmyQBkYx7Tj7zDjE4Wm9Zyy5yIF9R4AAifYgZAAE4UDV9LxNwzHiGZ7fJCrUjEkyIlYu6umOxAHfXnXNueVOLqlnlU/8OndNo7TJNzHcn7QI0JclIHHxOUqaoq5hx1TiKnm1DJIgCcIo2VR6dydyZJydU0KZUhklW9VJB+++rCVEKQIuKjIJJAUnpifzAYn+ep0nBxBU5wRH39P+x1zXZ3pJaDeF8TcbTEJxNWP85FT0x+IGxjto7h/2h8SDFWlSqfK5D9fiH6DSY09VVqP6aMeSUemLPhhLtI2fCftA4ZsVKVamfWFYfcG7/260HI/FPBvAXjKKSfhqE0zPoBUCz9J15UKPoCe0xP/AH/39aqlER2/v/s6r/MTapkP5WF3E9s8WVav7q5ouCLS1ylSGAyUnsCoIuxuMjQX7Pa1WojVHRD1FQ4YXMYE3AYAyDPeTjAnz39ngAr10WBfw1YEH80BWyMSQAY1oPDnjQ8BVWhXVTRqC8uogo5JFx/iQhVnuN8jZIyexpQXR6PxdOoYEoo7nePp66p4mr5cAG4nG3f5aE4nmXmAMpgRIM4I9fQ4184fmiBSDkwIxPrP9NXUJJI5nONjWlWcAXAT3zqni+PzEgaRV+a1M2mAfb/edG+HuVh/xKoJO6g7R6++s4KCykZTyeMSx+Xj/iETJBkmAfv20dwfMAVnpUCIyQBOwyN/lonj4sItuH8Mb/0++NYfnXF1VKpWWFICEYM4YsDB6Qcn07DtqLk5llFRL35kadRwqswucqbzu7SRcVlQWU9wM6S8bw6s5IDLiagGSIHrkk+4k4PrqdRYWUsVQCM5JDCd4JIPcR3J7YV8dzQUp6mkscsAVIlSNwBODIkRPpqjqC+QFcn8QPj+YVKlXHEMiEBAyBWhRcViYldyJJ7DJGnHLPFNG1KS1fLN6gqIORi8ZIK3SN8RMbaRcbzNKgekyBVpsyh4lmYEBzhh6bBSI7gkHS2ly+oj4UYHSJkGVERid5mZPTONRU36KOH2etcPx95Y1CKgAuEEMAI7nsSOoes+kaCHFfitVuFpW5OowoWBcVjaYJ7iB/mK4zkfiziqMNVozE4ta5hIMeYSVwBktJ3iI0ypVG4lPNrVaaB2FNKKlegy1ounJJX6D2iGc7QsY0w/nnMGqOLHNRiWGBMgiY9ACAFjtmcHRPC8V0u1S6nIUgzlVVs99wWKkjaVBOlXL+U9E04aoWIVbTKgAg9Z6LgskA+oOSJ1LngACQpWFIqUlzctsXiMWyApj+IzNo0LGaROpzPiJP4wXJx149vh7a7SXzk/87/2j++u0LDR6OlOqIgtcBGVLSYzkEx9e0DMYo4uktWmCD5cCUqqRAcHBJYSpxAJEGIzgaW8T48daSxQh7RORAZh0wSY9BkjJ7RGsVzTnVd6rKWbLLcpBClmutU5I/OVIBjpPz1Vtrs5owtj/mHilWZQri8NlwWt6wLwLh8QKjM2iCJzGieV8xUsylg19JlaSV/MLlBbBtDMSJEA7HtmK3GALURWKmAB2n8xggmQTEFhOCZ9Y1KZUdPRhcxkW4JUnMSzYPZho5UNgmaDibjWkEAOpw2xGc47gATjGewGgKHAkdLpdcWRnwbczaCItYq1Q2thjaRM4ZciajVIpm6/y5JHcEb3SJaR7AASCZ1KmSom+A5lS4ACVA7W4xMQJqDe0fPTSdirWgJOVVURapdggUN1KSKZOJKzJVjgldgxMd1o4DjCyw7BA8PObSBiCYIwtkycb4I0+4zjQtF6qqPNVVBT+De7ZRiQWkHtGRgrOF5eEWgxySaNRkWD5qMy3hpME9JmFByASdTboeO+wjhqDJSNa0ec5p0qeJtgAk7dgrOQAZtjOBoXnb1qSVPLQF2RwqgyVVATNxMMFukEAgliT3OiqPHXVZcswpDy6aoGN7NBYzEBgFUbzN8DTjwxwF7V+KclldQUByFpquAMDDEFtgSDnOSspUtDRi29nj1AlTlKvYzYSPurMST6n11I8dSDDqg4kMCuf/UBr0bjuX0rGNqiAfbOdfeC5NTZRIIMDYgztO8wcaPifQfN7PNqxSrTKXESysSlpPSrDse922+B6a+cPRKWlSxtWDcpUk3Ocg7GCBv2n116Bzrw3SRLlRD+XrQGZ2yLY2OCDv274mtypafQtRVwPVfiHaJ9fXv7aRwadDrkT2cOMt3WD6f7G/8Av5teW0vNS5JukRkdiCBkHIKz7/fSR6bimpNrXMVtMkmCREb+nz7a0fBB6T+U1VTABK2GUBE2lVk4m0esa0Ur2GXI2qRayIIuwzbR27YIJx89KuNQ+YYWBYpbtDEx9jjt3PvDjiOJpOQxeJG5pVkEb7sv6x3+moc4rL5DOoV6exZKitgmInsZPoP66o0mqJxk4uwXwcAvFqJ3SqvbvTb0+Wq/GtGKlMx+Q7ex/nnQPIearT4ilVaQiEycbMCuRvcLpMAzGO2ivG/MKFcUkp1VYC4sQcoem09WRi4e+oxWnZabTaaL/Cnic8MRRrFjQOxO9MnuPVe5HzI7gtKvi5P3laqE+SFNIiOpjJa8DsAAAAd7m2wTi0UABQ1w9T3x3ic/XRvJfDVPiFYGsFdSQqkMxt3BEVFjviCffVocslUSM+KD+R6nyvj6NRBXVw1KSJIgAjcEMBB/09dOKPPhCssQwBU+sgR/PXi/NuT1eHCUxVZqbX9CXksRBPRMkxaCZxE9gNei+HufU6gWndTdiBHk5CJ1RczGSQBk7k7DOrKam6kjlcHBXFjLi+YNVaHkZgkNGMY27+//AHB4mmji4wW9iJDKcfCILe8R/RsVQQAuNpgxnt776Er8SZtUXCMldhEbnEDPfb76OMUZTlL0JObiykSxZTcYZFBwxH5G+L4hiQT85GsXxWR1ENcLxtJe7ICHvBk/SQZGtNzjmFMlqUq1NpmxjAB9bSJILHK5BJE5kKqnDEFaYXy4Zt3mGJUKoAljk9gfU9tcnLLJ69HXxRxW/YMGtendbd5VMhiAc2wWgxLi04jETq9uc1QkPWZHvCghhcocVMZIsyuwJ+HYxkjnrVEruFZKaqJCYlSWKS5aKcdeFJIEqTAImgUuLVbBTRarMgVQqnZXJmEy0MNo+IAY0kVQ8nZXTas7Sru1Nes2kgJLbxuTaJ/6o3y78NcFT8xalRaoZTcFJ2LAgsXIxIYgQZEmRvoLg+GemoPEkq5UXGHN2AFW5yQBcKjdHTEARiNd4f5ffTJJCsGMA5HxYBlirFVxjI3mTqkWrJyuhly6kpAIJXpItEwDJwpBFwAGfv3Ok3iXltHpqMzKbrHJdso5AIBJNsMEPoADjaGnMblSy5clSApIIIImCYkHqJ2/MZzGs9405rSegiFvjMEiDDLgracgQWySSDGNjp24xRNKcpd6MhXbh1Zl8vh3tJFxUy0GLj07nfXaVcTzGsrssrgkfCnY/LXahmdGKNhy/hKVSlR8yqymJucyQwNqjfpa3qjYZOxOl3OwgqWllUsbl/EHUtjEHI6WJKbzkmcidFVuWV0LVkdEcjzHDAKLl6kC3MDI2ykfD6iYcLWjiKbrY0vLElYuYXgshiFGMKP4t4tNnL0RS9gTtTRwHiQQtzETUFw7dlEYxiScyTqzn3O1qrTpIqw5GVYYCqWJJj4RcSfiJA+5tbk6Q9F1QsTMhIkCnnP5TMMFuIwJOq6HB+R+Jw6UwE81Ba5ZrgGaQGaSkWjJtkN8yDWhr4BqimjfvZWlUVoDSbsqX2IMo2SCsgyQROna8NUuJklajsF+AnAmf4Q992DgdIMRrGPwZqeX+8WPUhprRIM9YBuAWesbgQbROMv/AA9xS0mIemULXEB7iCrlN2JYlhaYDQbWA08WJJeyvmHDhVSkrEeY1KlvJDeYtNsmYU0WYAHs32nzl76VKkDcy+aVIk/hh2sJ2HUqKFHe4bbaO53RIhyxUkzTCsCJ2LM25ZYQA9OTGwyV4f5SDWqzLojKt0lbnVQOxOFyYBjqH8Mam226KKksmBcnRUgUaasbBc6y2TcTc/YCSQJAMnKkCdjx/CrSoVIiAhCj0uFv9YHsNIuM5lRSrSpBjl1pgqpId2Msv8IgLLt2wBkmGfNXPk1TJkiiPpAP33++jKm0gQumzL8dRuQgiZIGY/MQI399X1K9PhkDVaiosgS5gBjOJj2PftqHFUxb6yy7iSIIP9P10i/aRxEcOgggNVggAAiEfPrMke2dWk1G5E1ukOeP5rSq0nNGrRqWwGKOrGGIHYmJMDWH55SIY2tbAKgQLipYkb+uPl9tGeAaN1HiyCRIoqS2Sf8AiltvYj9dS8SUCAkkM5uDyQMiGDFWFwwYyPbUZfKpFY60JuFdqal0ZDVJkERCSMwAIDZnGZj01qvAig02plQCuZIy1zEkknczP30p4vympcPRDCVtmFMgkC71mOobDZex1ovCXCIo8wK12QGJiVgfl2H2PfPq0F8kaf8ASHu1MMaci76f7jG+31xrMc44aotfzUFuCty7OLm6WBENjpgjtr4/O645s/DsPwyZXpOBaCGJxIkn5H00ZzjmanpsBqFl6UEnY3TtmfXedGbyWgR0xBzjlVMjzFlA5g09rTYSQM5W5SPaQM6H5Xw96UaZsKBLghpqYmZyVkiZ7nOnC8C4Msz52QkWrtvt1d8mBBO+ND1uFhbyriDBa2SCR7EmZPz3HzmUjG7L+E5BSqhgKVO/GbAJHfODO3fSvgeQOvEA/iU7HBChjspkbnYxn66d8DzOuqhUacGC6bRG0AGNxcxOR2jJlGv5jTbOZLH4V6TB98DEEA7TMS3xpC/KwbxFwhdUe3zFE9F1mCLj1DIYkKcmOnOJlh4YrUKfCPXoVL2CBnpNUNyFeo9BboQST0qJGfQC3i6H7xSNESoYQLTlTMra2JIxiJj13K/gfCdFR01uItukqmC3TFhK9sHYCFgYjJc92hcHVMd8i5o1VBdVCkglAQsyDaemFxM/Fjpwd9OaPM6NlodLpWUZBIJIHwnIa5l6SJE/MjArXNNragr1OHYlSBaVGQZ6EgsZb57ZAk6ej5T2tSqVjTJLshabYDYjDITHp3wpBJUK2aVIX+Nq6rA4dKK1nLeYUoKXqEZUGaZjaWMxF2cTpF5f/wAsCxuaiWRoUhfKqEMpm2XKstpiZuS6TB1svEHl0qZrqlMkGALrCzGM5yWkkwCJiZBEHOcHzG8+VU6S622sCVBglYkkL1BD3EAfWU1TKQkpIosPmq7za60yxMm5rVtmRGISZHbOmFFKFKiqpT8tYYAEZJAphmJDwzbCT6xOlHNHc06TBgHstKkRLK7jEYIyMA/ONtX8fw34dP8AEKjy0LTP55IBGQTbGF9z30lNlLRDmHG3qAlWVGWkSZDLK9M2qQCCo7mTJ3M5Pz5EcYLwWFvVKkzJ6twZ9I22xpElOWgPTM9JyY3N2ImcET9ffVqVJAUpdBBtpuvVOxCmNo9ewjQV3o1m44bmlKpaSwDYhMEjC3iBkAAY7RB9RpF4nmoJUQcqwViYsIi5LsbEwCQMQcnQPLeJSiw8xWpm6ULZpsvpsIYBX6diFxsdO+aUFakmAGXBF3e2dh8WZHpt6xqjTcRLSZlq3I6TMWIaWJJwu5MnvrtaH9w4YYNVgRuLhj9NdqeP6Pl+COrwynGSIIwiwCYEiQSzTcN++N50Hym2okhYZrbvzFQoVVYyJCwAQREH01TX45mkEGn8bk73BAxI3BAxGDIIHyLGmgFIN5luRA2GFOQvVJhztnMkSBadm0ynhaqwGqfGoInMEgXdlC5A+GN4j0F3D2squgtUzcRAvcFmNpi6Absx3wcYr43hSbQTf5gaADbK2mWMEwuYyASd4xptwvBJTpBLmyUUxmJhQNvhuAztvtpk62BlFfjqjUgogg9S3y0Qot/NJkSPTAznTNfEFB+HelU4ancyG0ghRtgkkEDADGTnq+Wg+Z8OCzAMwAhWM2xIJGY7QcDfadK3o/8ADVVFRmJQdMjMiSABGDb85EidMpsRwVmo81mdC5UkLeZLSFVVqBCCd5ZIA7wNo0bwvOUSlTpU6vUxvrN3ueTaJzcwGTOBmYyM7zXjAjlrpQtZaDMrJ6cZ+FBEYwJwNZHmHGwbnOdxnbuQM4gznvtEZ0Iy2GUU1R7Q/DCEqzkCVUQAFVHwo9JKTHouYA0R4krKtMyVF1ULkjZVI7+msx+z4MeHZ2ucvXRF7wgsxJOASxGtP4lRbUBTMscgZ2k74nP6aMNz0LJYxpmO5lxU1KNIMYvBJUHMkiAw2EEzkRGl37Q3uWiP81Q+uwQdidMeIoqeIQWriPoYJOZ3j+mj6dOmyggGCJjq/lPbXQ45pxJXVMReAaINCuIw1QA9tqc9/wDmGl/PaLebJLqAWKXnCqCVC9cAKAHEDfGDrbU+GWO577sP5n3P30l8T0gopr5fQSbj6mcCSCQRvI+WllDGC/AxlcjL4CpYCztcsHsek7juQy/6a0VLxFSoU0plixVQpK+pEnbcTPUcY31VyGh5kwqjy4SQoBkzOydhaDonw54Q4WofNqqrFiCFMxAt/Kf+Vvu2li5LaGlT0yXAV63GFTRUlNppC877GofwkOxgsTntBi7mPhjiqRBQ00DrlSSzSpkkuoxddbAJwu+Wlp4p8S1OGfhuH4axRJeoSsgIDAVV26iDJ7CI30755xQqU+HqgYdSwHpcFMf00tyctsaklowlajxNPLUqJAyetxAz6z7/AHPsdKuN5vEo9G6GW5FcB5bEgFRgGA23xhu+oVONr1+KZXqlKCs4WnMX9RtyJOZnfAEfIKpUfz6T1CITzKdxEHFJmUtGJUA5HpPfSzSXQ6Ul2bzkvg41LC7UkBElArVMx6kIuAdrWAM+mrPFvhCgOHIY8Q7UirgljAkMDaqwsmPT66wnN+MrPUVr3FKmrFYYqFYhpYZy4MGd9vfXqXJuZnieXB2kstgJOSR0EE+9rD650sI7TYZ3i2YIeHHVfNpcZxFNYDdVVlA7iQ2B230Mq8ZN9PmIqDIDgU3HqeqP998aN8XLUbiKdJKpRbCSqrvmSc4BgAfUnVXA8gqJVXiA5LMVFS8jrBjcAZNx3P8AOJtJRukiKbq2ys0+YAeaa9Kptl6a+wg2EZ2xq3hq/HUyGSjw4bIYgVELCZIIEyCwyDjfGdOq9INVo07KL1De6mopKoEgMbRAdoZVA2EXEGyDR4R4IvXrUag8mupBNNSTSqL+VkBEDtNlo2wMg5pRCrYbwdCtx1P8bh6Cw7UwyO5fCyYJQR1QDmcNjvpJz/h+HpNU6z5qkiLaoLElsxfcVgEdpzEQY0HGczHAgIFKCqzgtaCKbRMkbQTiIg4yNYjhq6VXNJgHplizs5YtOJK/lX4gdpaATGAqz1oEU+/RbzGnTqml5V3U7dPUQoJuaMFhI6hJGcTo11ZHa4jy4Fs4MIpUXSJuMps0tBjBGiH5VRHEUy1Q2VaYpjyyetlYiwE5DENsI+ExGqC0ybcLUDy5HUryDcVOSL0mIi30OEeh1sB4KowaCNxEkAEAkghpAtyP7RkaO5hy9L4qEIxB2UEEsAR0nJwWyNswZGojj4ZKgFIkVrGUgHpqZHcCegxOc2k9zKtxSQzCV8t6akqQQSl4YgFibZBgHJkepBTXY+w3l/CUKtGxlRkwpAJwwCsrRi1jdMEkz3MZjy2kqKKZLirBlgzdSgwXIki8EmSPRpxA1OlxKpIVgS4kZshgy2k4O0LIMg2/LQy83lmU3KSxIhQVAIyw3zjYj806Lla0BKmNYr9mpR2mJ+v4m+vmh/8AGaYwVrSN9j+vfXae19i1+ANLknDmjw9NkBrMXBZgQ2RUcicEiYBjYY9dU8otprSdrg3UTmIUGEAG2Y797c4gwoJ1CmW+CoxZrYmAwYC2ZkVFyTI74BOo80BppvE22rHxBZJkkn80LB9RgToOQyR8rcyprVaFcq0bYJYgE9Sr8OAPUSwxGKKvHPUcVDKgwxXdVBzJxkiVGR20dy7h5pAu7BpvLiJNMgKYICljJ3ickHaRXQ4IKJdSCCbAwOXXE5BYC4CdpM4IB0LsxRx/NDc4kMGIYMFEbEb5ziN8FTgGNQ4F2evTgn41jYqpUyzH5iD6YX21WeAYt8d74EArAMHMEklv0PvIgrl7CmozJUEgncm0iT2Pb66GQcQLxBTtCrbYomVZYnBIiCGHSf11nKrXVLWN1t0CAYLAxEjqPoDsc+2n3GZ8sMMGWJa4tmZkzk7AR7nM6XcLTpgX1WC57A5X09hBH6DQyM0eqfszp2cDw1zCGIfba1KhIPqeiTgHf2078UV1NmTBUkYM5/l8Oo8po06PDoi70qMEepsUE5yTg5n8530Bz+r1KDmKaKf1/vp+NtPIWavRl+L5vTp8RLMApByTkn0j5aIrc9phSQ4Y7QCJn7aP8NctpvxQNSmjKEqEhlmT0gGDg/79NT/aLxNGnwVREp01kqFtQCDes2wNx/X11TzuOkhPGnsBXntKMNcfQfON4jfQnHeJqFpDXCcjpDRgbxgZxv6n21neQ8meoisajSRPSYHxGO3ppqnhlgYV6tpIuN8XZ7iM+ufTTyc5LS0LFRTGnhrj+GgBKgJLScQScST6dvtrR+F0TyAYnqbtn/iOB9rj8s6xR8Lsiu6s4YU5AujqhvzDJAj9e2nfgrlppijWqtUD2gsvmMVDFcyJg5JI3A7eulUZKrQW4sUftl4h6NenVSCRAgjEeXJ//H9dazl/HX8BwNQ4DUp+Xw99Y39svEq1SnB2qLke9Mx/7taTw8wflPLz6I4gexI/pqbbTRSrPMxx5NU3yBfghmGAxE/Ftt8o+R1pDywNw4qAksKrghjNx8trRJODCkQD3A9NYPmk/vLiZCuR6bOQcfOR99ekchY/4dVq4JWtSfJjL+XJn0IY7evrpZ/02PF3oU84CUlWnVUAy+CSCFREYwY9GG8TIzudbv8AZ7Vu4XiFBkAhhH8MG36WoB9NYjxhwstUVngqCsKIDXU0wSMxIJIAMn1xGo/ZbCrxKzK+VSAwTIArC7bYgCPb9QpUv+Alb0BeJaKHiQSpLCjI2z1sInfYE4P+tXI+KvqtUJkALAnFqVFP0PS2wBwPTUvEfFr59F1IKlHVtxHVSI9+7fbQvK+GPmsQGAcvGe+T+oOfl76tOk2ycVpIZ/tEpqttXKtScsjKNr03zsQR+i+40T4d5sK3k8RgOBZUAGxUwcdgbrvqND+MuXlppg3B1pm3bOUMEgicDJPc76VeDuAr0Eq+enl3MrDqu/IwOxMQVT5zpE7SGapmg/ajSU8O1RphKitKsVPUGSZG+am0/bXltyqVa/qVrZBKrPYgRdMHbvGN9eteL6gqcHWtm40r1wfiTqGYjdBmdeSU3DgMn5iWIBzJBAUKCIEgD1gjTci2v8CQfZq+F4m7hlLhy61fwwCAf/DECBESzT2M+hxdQ4+ofiVKdLKvTp2NAYHDFw4HSGOAsxjvrOU+aWUVLCos5UAYlqhtJzJUimGBy2CAYbTHgQG81bigKC3p+EoQ1Q5BtYK0e97CRGZNUUQZzNmajVZGlRQp1bTTRQaimGBK0wSAb1gRBUR31RwvEiWmlAK3AqWWUIBEzfj487Y0zpOgoVWCp0qKmIylYeW6A9ytVYEkAX9hrM8h4sulJbWaxbdj+VsQQu2wgz6Y2IYRxzCuwa6k1MAFmEr8Nt0AMUuBMSWHuRE4pbiCyyt9PMET1I13wtiB7euPnoPmYcEPAtNQE2m4JdIAIaCMAD06SdWU+HLm5WIaAHZTHrAYWkNkAZiJ7aAbChzqoMCrVgYGW/trtZ6oOIUlQikAkAhngx3HVtrtHFGs3HKGUzUcXWq0dUhi9skjYEAGQcCDAAIGl/N2JECWAAcSbThSxLDNoJt3/hIM4kynxIRPJIurKpKg7TKU1LEL03FwcYBBzgSO9RTUao6t0kUyQ2yy4JgAwbS0DvMA5E4wn5dSNIU6ochCwVRaSekQWMystDTgH7EadHjgfMEFobuWHa5thJgm22TmROdTHDhQhkGUUAtgGQpMkGLQIg530t5rQW10hQqGVgfEfhjAOQJ3wZaSCROs1FAatcoXzFEhSSCsSQTtBjc7jsSMxq7h+pS8RhTk5AuJ3HxEg7ep9tCLTeiBVCqTUqFsASYsIztAgfUE++mVER0UiCCbHMZGCRgmMLAGPyrrMysBegz0yYKj5d5wNsQAfsfoBS4Ys4QQbukYwPvsMk799aTimCqEEC3fO7QLj7kYEH00makwe5WODnM7hYGO+Dkn0+WlTGkj0Xk/Fu1KuakxMISQblZsbDeEO2Ntp1R4jrBqrR/l+9q5/no7kVUfu1NJW9QGaO2WiQCbTJ7/APZBxpLVHZiB1MfQEAYP6/z1RPVIm1s6hUuqLT/iaif+ivReMf8AKNA/tX4uKKU85q1SAMyVqvM+0gkekDRPKCrV0a4fGV+ZtZ/sPK999Jf2h8cSKC5+Kq5nv1kj19T9O+lfZvQ78P8ACWUlWfyyexzEZ/TWWrftAriu1FaaR5rU1PteVGD3j3+2tJy/jlVaaopa5bnIPb2IM4iIj+esbQ8I1nr+aKgJ8wOSFNoYtME9vtrslJ4rE541byNb4K59W4peJFW0CnCAKPUPP8h+unfM6/lUZBiLR+oGkngvkbcKtdXa41CGmIGxx3nf9NF+Pf8A6Kp8079/MX/TTq8N9g1lozfjlg6Uas5NQZP+UDGBOwP3PbWr8LOy8t4VXFsNVHfH41Qf3H2153ThwiOS2+CdjmO43k61HB8Y3D8JRVVlS7qFztLE/oR3Ox7a5JK3ZeL9GG8QqafGuGxLsYzs5JnP/NOt34a4kNy7iKZPekAPYsg2GZlVz2zpK1PhqhZmpgyZLQd/nt/LfVnB1xSTiUAwwpmnHYqw+u0jHvrNfEKfyND4it/eTILAtQMg/wAShTmDsWg/PRf7HKsVLCI/BcEkQSRVTeBB+I++e/bPcWH4gX5IdETHeCLmB2BXsfl6a2fg3hKicQD5NqFCLxbA2aIXOSTn56k3SodK2I/GDgJccxI+VzCT9sdjpfyviAHgGMwWgXDYRkbd4018YKipVsUFlqFe28iSRO2Vmc4220loJcgyL4xDAlCBMtvPTn129Y1STvYsdKjX+IaHm8IuWv8AJfIIBBADYIzvO2sz4e438QJ5zM1qkhnLHpkEZ7iR9x6a0i82pVODWn5q3IhRwuSt1M5tEkgMo2+Ws/w3JEQl14kA4OEYFjJ9XaBEnI79tariqFb+Ts3VBQ9AKfhIZD8mn+h15Xy3k1EACtXhgYIUgjAzII3nf+mvReT1WFG3FwIOJAO07juBOvNedVlp8VXU0UY+Y8q0YuNw7qQYPr9503KnKKoSOm6I+IuW0f3eKL3MSVMKFzTDQeneYMT/ABDOtRw/CUay0qwYWsiNGxkoAZhZ2Ud9z98fxFdXi2gKZBk2qcAA+jGQZ9+31p5fAQK9EYYgFiVBEmBMHIGNRcZV2UyH/KfKsW+CQWpBmC/htWpqyNEYK14GIAlu0zneVo4imJpsXqgq0i1uiMdh1R9NHRhl8hEvQrJrGCMGQCnYiQJBk40NVI8xGa0kIgnPUyrB/LOcH5j7saw7mvD1SlNQFJuXIH+ZRviNyN+59NU1+H4hFuMYzEKfvvJxuZ7e2vlbiZVhLZCwZJj07YyTozhq5ZS6vUCriWDGTORaVZQYk5MdtBNh0K05m8DC/wDWB+nbXa0lPg68D8WmMDBuBHzHmYOu1sg0GcuoNNV/LW+wUy4yXAa5rbptS8GCMMGLR0DSnlfMxVq+SAXV5domCoBEkzJgG6B6yIidXcn5qRSqMoS20lUUmQoDKkknJYs1QxnDnPYPlNPy7qxsuAKU6agSCJLdbEQwJII2gnJ7MkAb1uLJLUwgQJAIugZksokyUEBZG8KRGNLOacwCygAZ+gRAwuZkjckEx6YmdXVTefwZUNA2ibjnc4CgHO2W7xA1Oi1OHdC7IIW1sAHbI6cQdydoBM6FGsMp0FY9TAyAD7G0Ale8b+0T7AkV+KFJUHR5rsWKgSSSwAChhNogdgsLv1DQ3JqbVHcqCOoCYJkGQxgb5AAxGZ7DRXGcEXqgx8Iid4mL9hnoWJ9WmMxpX2P6sF50oJULlVBVcHLdUtJ/NN2M411Py6jKHQTlgAYgiCTgHG5gfU9tfKwpk2qxuYE4UnMHIE75PaZ9zpbR4BWBEuTJwFwsW7k7iZM7GD8zsdAlJmqXmIWlKvBugHB7qQvyhTgHMfXSXmPNyjAu5F3wIAbmzmMgKDI7TvtGIPSpimqmqsl5WJBA26gR0iGWPeTkDVnB8iZgCatN2INzGk3xdUr1AY26pme0Y0iePYMrWz54Q5s1biVRfw5vZQoAVgtNzLmSzOSBnaJ9tBeOK5ZkFpICNIzgrWrK2RGAFBEdiNazgeT0abAAkuAahcKBB2C+snJk+h0q5/yyizFbKhy7VGjMsJOVJXezA9Pc6aM030Fqo9mg5TxVKnw9NGemG8tQVuUZI2MbHf10mXjVVsUlmcsLfT8vREYHv9SToB+WrVRPIrIhUdXmhpj2MQzDEwI74jQtblRwz8Q9uRgR2BggZBi7cZ2wDOut/wARFpJHKuKSZqaPOGfdFt7CJIOe57idIfHPN2/d6yXA3MhUR8IVkgR6ECc6FXh1CQnEuhJtW+ZddpgAkHfb19tDJ4cZxPm3Uwcye/tIg/Me2llzxoZQpifl5JRWaJJx+uT9RrR8Bz5TSSnYfwmnGcsDJz8x99BryZzJtkQbpwI+ZxORvGiuB5UKakBupgCyiPYgdXfP0kaj5IlaE/MSpc2So9PcnPtER/sagreWvmYMCPWGJOVjI6SN5zOc6cpyRj1AODgiVBKiDOLoZdtuw99T4bwa9QQaiopiJEkn3kgSPnuBoPkiFIJ8L8eFhQQSFQwIJVigJHpBIMbfTW/8J88pVXKBhIJA7W7SPlJA1iaPhuihSXEhsiTkEg5mCptKTjGNtFcj4Opw9Y1XqUrXcwJ3ECIPYi0RM+50knGQ8dE/FHFFOI4ijhVdyy9M5vW+cHEMg2+vfWXbm4Sw0mBIbJgywKsGmd8H+ca2fMOE4evXaoTBqGFIC5uphD3hj0z27aRcR4Ec1ns4lLbgTIgqCVjpB7yd8ZHrrLkitNmcX6EXL+ZU6fEs5QlGpgeWc2lSoONvybbQ22nD+IxUUr5fVkKJAGNpFpaBjv6RGjn/AGZ3C795JYSJtO2J7j9D6iNQq/s6DAr+8Hu1pklSBOQDIOR9CPlp1/EQ+xHxO+j5S8S1A4QUyWhVuNRoGJ/gEAQc+m+s9zfmRevUfCMQhIJn8oA+LuRjJO0Z07qfs2bdC1XE2wwJ9OuLR6wZABOTOGHBeAWBBNJ3MQBUFo7xsCCMmRO8emtLni12DxtGMXijEAEkA7gGJntnHr9D767hKLs0JSTv8IYyZMSAoH9Jga9A4fwOxnzOHpU8yCjk/eSM/fTLgvDrUoioq/8ASP1z6am+eI3jbMBwnhqq8lqbAkdgQB7we8fTfGpVfDFcHZgPeY/lGvUqPC1Ac1Lvrv8AppfzvlXE1hahpqpBkNBMxiLqZAg+/wDfSrni+zPh/DzFeWOCaYZoZuoICRJIAnGN5+p0Ry7h6iy5qMwUSFYixmPwgi+N8kfwhta/gfCjJJqBZyRm4g5i3fIBO0ZG2pV/CVMFmqWiVIY2kM0DeWY4AO8aL5Y/YFxsxP8AgtQ5bicnfK79++u1sf8A4Xp+jf8AUv8A+vXaHlX2H/ZmjzEK/wCHSNsMQr9ReAoBClSQuFUGBGYEnRXGUaZK0kuWOgWgPFrSQbxMS4lu2Z7aX+H1ZvMYEqiPgE5a0oowMk3KDP8AlI2wfvLKh8wkdY/EdnJCyHMEAEkmRKbkiQQBka6UKC8fcvmBWJIhviyqYQjeJM4jGPUCJ8NSBKLWdjKGwKJOS0QCerNsRExuAMdXWn5xDQ0QKSYhVbYOCCJ6gFSPWYDaM4TiBV+AtTh1LKiwrjcvjBaTmGIM7CCSQDDlykLaZJAc2oIUkx3BIgAmG74+hSvVCEKxCgBx1GEAIhYUXbnMkmSdttWcA601vKwoHrsSgIAn4QBsBsRqylNpttVIkrAu2JBAI33Hr74JMZPZZJVtgi0BSXy5VnqEIxdjKtB6PQkSZAJnEzjQHHcOVP4nly7WrLl92NsKGAWZgY/9UjRzV0os9U1qri8xTUMAWDERN1pIAY5+KBORqHCVFrUrwlMsTOKZviFClSwDYEi4kk2iBGNFX2K2gPhaxrM61+GR3XKqDdG8ETUZQMHpT0GIIkzj63F0rQnCgUmglRjNwxDQ3f0yWxMQK+EdlYAoKQWCcxMliWDd5ENBUEgab8DzvzkLMadhDGIqXAKoiLllmJDS0SYJE51m/wAFSTA+Tcd5oBctSe4WqsgwIa2DgqApE9gY75Nfj6dNmNSoGABcguCQGI2AQEATGZwD3wU3iDxKKZej5fk1wwOUBkMTe9MRZBBwScyxIBJ0t5zzWi1SnTUmorlSr3AuGHQDDDqb81jkSWJEYOtiHQx/xPheIYClTXA3bzDiQJiYCExuBk7aIrcopNa9biV6GWAjBUUSDvEnGcBe3vOP59y+rSmbJvUd5qRAXcSAq2zdbktMnGquW16lNpWo18RKMDYc7T2APbHbbTOP0CzYUvCqub0UoJEMWMnA2Sb8Z9PbRnH9FFRVZ2I6groo2m2SVHUR2JzsAQcpKPjKrTRSahZTeDUVhcLWVbQ2Y+Km2exA04p+NkqugqJANylSwx2LEOY9QZ7YkzGptSNour8yqZUKQx26QYiJEAi7EHv8tU8FXpsyu5pvUaDeFmRC5ILgbCJ7Y3I03TxFSeba9pg3SsxN1uZHeRgxttcszHAUyhbzgxAIVjaPQgwAASB22GBGNT69GSfoEbmjtalCkLCRmCxgekMAIbE+/bMLhx3EwfNo1JN5Kr5pUgECA04JJkDsPU40+4LhlTpUkkDNoEbnMiFnJ/XX2qWUGZUyYkztnABP6xttnDKl6DsRcg8N/vKqalfiacDqVgA04t66l2wU9u4OndD9nXD22F6pW67/AIg9QYhVUQYHad8g6GfnFKmxJYEhZBN0RETIBAyY37jPpRxXiTawKDJEucAYyYkgRn6+kS2T+jUvY64DwLwdF71Faew814HyzI++mTpw1AXLTVPU3H7nOT76ydDnlUEyKTgY/wCIBnqxBKyMLJnExO41NOeVTIuoowxdIIBg90HaQcevbfSuLl2x1ro0HE88RMCizCZhaZMxOQIzEDbSnivFVTzSadKFWb1YBS/T6sV2EYE77HsHzLnT2oJKuWIJsJkQYtABvNwncAjbSfjuIqIwY1vMQ1aaVFZiGF3mEBrVMKPKGd98DB0FwxDlI1aeL2IIPDuCq3QrKTAJGw2O+BOqK3j5UcoUYOxlQTbcCBESc9+8kDaNJ+N5s7qwZQXYkGwheqDD3YZVuHYwTcBOdD8TUsNRahFozDMIOWJBUwZJlhgwAF7iQuGKBm+hxU8WVHYMVVQWKyXEAi4S0HAldvZtjkGLzS+VMC1uq9zgyQQSuJEMcST7xGs5xFe5mFwVmWCDT3n3YXKGJMkATJOxGh6XFWACnVpkgGGUCZmNhmO/c959W8UfQc2a3iOJWnk1adqySUeSMTDTkT8hMRq6jzFzaiVSIC4ZQ6wLdzgyQD999tYvmjOwIPUTdliZuJklNyCZkjbp77GNOvxALA1HZiFpiCXCgGIhZM5iWYQAe+QHwoC5HZ6lwgSBLIGYibSBINvczn/L6aV8YpJlaoJQ7SJmCP4SZkntM6xp5hXJCkriP4WGPk2NwIz9BMWcZzqt0oQ4AxDdEQOrpUZHw5AN3Y7zvHFLSNmOv3I/x0/v/rrtI05xTgfi1v8Ao/8A667SeNlLQnaoq0UpKocVCrOZmUEn8gweoAAeh+ImdL6vmtYtLh6gCrasgyILb4gZJJBMSerCkDtdrtOUq5MF/eav/iEKZjYWlADcZ6oie2Tn0cct4MXljAZpKgDA7KMkgEycAiPSM67XaD6AuyfFcw8u4llpr2zmo0qMiRMgZzIEEnfV1PmTPh6ZK7glT1AMI7ZH5cYPv27XaVpCMmvH2AE0cMGUKBf6m4u0IDAJjI6o7ma6VW4+awZmgC+8R09sMROASV7x8z2u0A9EK9WkS+KzMbOokwCJyGiQSYP0GckEioqVURA9SiANmb8xZS056gZgKcCF7yT2u0xsmX8dyqlxFUPUBYi62T0sbjliBCrbBgSDB7HFfD8qWmaZVhcjdUFpcl9rpCrIK9Nuc67Xank6Nk7Kq3JqdWoKv40G6YnOW2ULjf4mOQBiQSftLkFIVAQUAmLBtBxAulhIAjfORg67XaZDros4jkoq00UOQFBtdSSepVkZm4dCnOMDPbQlfw7SCAVKt0FiYuE5BGxJMSR23GMGe12mMU8NbTFtsXrB+JiIKsdzB+FcCO8gnTqpzJ1MBckW5EmVGfzdjIODGc41812gwjBOaVSILsAsnp3YHYTYBsMwARnfVIqkqUc1DcVYmZmPSQTu8wPQex1812hSDbBanLFOGUSAxuqOSScdiAo+ExG0fM6F47w2bVIqL8ZJJmLTAER7DMzOBiM9rtAxXX4ewdTFpukhgg+FRswJA2+HGD6mfnDcxpKSz0/SQHukwYmOoyUJ23Py12u0w3o+8Dx1KmACA+JK2EmcmcjJuQAZGI7Z0fxHF03vc0gHlQCqqFvA2LMdzaBjtrtdoARTxFRCrMadMQUuqKVJWcwAMCSq+5B+w/A1Ci1EVXIZPLudGYqCLbTLhCgEnC/EcEQV12u0EayHB8ETbWZgYEXCFHxEXXDIPrBwM+2o8RwVJQSLgvTACysZyYww7AmTkica+a7R9gRbwfMFC+WoUgwc47TAgTMH7dtW1+bAlVpgncFjIyN+8xtkgCfkddrtEwRQrmqNlxGzRAj0KnOY987d7W5WGwahBGwKz8h0gSPaY1912mpBKv3Qf+cv/wBn/XXa7Xa1C2f/2Q==	\N
\.


--
-- Data for Name: Objects; Type: TABLE DATA; Schema: tours; Owner: postgres
--

COPY tours."Objects" ("Id", "Name", "Description", "Image", "Category", "Latitude", "Longitude", "Status") FROM stdin;
2	Cozy Corner	A warm and inviting spot for coffee enthusiasts	https://upload.wikimedia.org/wikipedia/commons/thumb/a/a3/R%C3%B6e_g%C3%A5rd_caf%C3%A9_2.jpg/1024px-R%C3%B6e_g%C3%A5rd_caf%C3%A9_2.jpg	3	45.2671	19.8335	1
5	Sunrise Caf	Where every morning feels like a new beginning	https://upload.wikimedia.org/wikipedia/commons/thumb/a/a3/R%C3%B6e_g%C3%A5rd_caf%C3%A9_2.jpg/1024px-R%C3%B6e_g%C3%A5rd_caf%C3%A9_2.jpg	3	45.257	19.8307	1
10	Harmony Beans	A symphony of flavors in every cup	https://upload.wikimedia.org/wikipedia/commons/thumb/a/a3/R%C3%B6e_g%C3%A5rd_caf%C3%A9_2.jpg/1024px-R%C3%B6e_g%C3%A5rd_caf%C3%A9_2.jpg	3	45.2593	19.8376	1
11	Chill Zone Caf	Chill out and enjoy your favorite brew	https://upload.wikimedia.org/wikipedia/commons/thumb/a/a3/R%C3%B6e_g%C3%A5rd_caf%C3%A9_2.jpg/1024px-R%C3%B6e_g%C3%A5rd_caf%C3%A9_2.jpg	3	45.2612	19.8415	1
16	Green Bean Retreat	Nature-inspired caf with a focus on organic coffee	https://upload.wikimedia.org/wikipedia/commons/thumb/a/a3/R%C3%B6e_g%C3%A5rd_caf%C3%A9_2.jpg/1024px-R%C3%B6e_g%C3%A5rd_caf%C3%A9_2.jpg	3	45.2653	19.8324	1
1	Cafe	Nice place to hang out with friends	https://upload.wikimedia.org/wikipedia/commons/thumb/a/a3/R%C3%B6e_g%C3%A5rd_caf%C3%A9_2.jpg/1024px-R%C3%B6e_g%C3%A5rd_caf%C3%A9_2.jpg	1	45	20	0
3	Urban Brews	Trendy caf with artisanal coffee and stylish ambiance	https://upload.wikimedia.org/wikipedia/commons/thumb/a/a3/R%C3%B6e_g%C3%A5rd_caf%C3%A9_2.jpg/1024px-R%C3%B6e_g%C3%A5rd_caf%C3%A9_2.jpg	2	45.255	19.8467	1
4	Morning Bliss	Start your day with a cup of joy in a serene setting	https://upload.wikimedia.org/wikipedia/commons/thumb/a/a3/R%C3%B6e_g%C3%A5rd_caf%C3%A9_2.jpg/1024px-R%C3%B6e_g%C3%A5rd_caf%C3%A9_2.jpg	1	45.2627	19.8355	1
6	Aroma Haven	Delight your senses with the aroma of freshly brewed coffee	https://upload.wikimedia.org/wikipedia/commons/thumb/a/a3/R%C3%B6e_g%C3%A5rd_caf%C3%A9_2.jpg/1024px-R%C3%B6e_g%C3%A5rd_caf%C3%A9_2.jpg	2	45.2678	19.8487	1
7	City Perk	Elevate your urban experience with a cup of perfection	https://upload.wikimedia.org/wikipedia/commons/thumb/a/a3/R%C3%B6e_g%C3%A5rd_caf%C3%A9_2.jpg/1024px-R%C3%B6e_g%C3%A5rd_caf%C3%A9_2.jpg	0	45.2635	19.8471	1
8	Sip & Socialize	Where coffee and conversation blend seamlessly	https://upload.wikimedia.org/wikipedia/commons/thumb/a/a3/R%C3%B6e_g%C3%A5rd_caf%C3%A9_2.jpg/1024px-R%C3%B6e_g%C3%A5rd_caf%C3%A9_2.jpg	2	45.2558	19.8462	1
9	Mellow Brew	Relax and unwind in a laid-back atmosphere	https://upload.wikimedia.org/wikipedia/commons/thumb/a/a3/R%C3%B6e_g%C3%A5rd_caf%C3%A9_2.jpg/1024px-R%C3%B6e_g%C3%A5rd_caf%C3%A9_2.jpg	2	45.2687	19.8382	1
12	Hidden Gem Coffee	Discover the citys best-kept secret for coffee lovers	https://upload.wikimedia.org/wikipedia/commons/thumb/a/a3/R%C3%B6e_g%C3%A5rd_caf%C3%A9_2.jpg/1024px-R%C3%B6e_g%C3%A5rd_caf%C3%A9_2.jpg	0	45.2664	19.84	1
13	Lush Bean Lounge	Escape to a lush oasis of coffee and comfort	https://upload.wikimedia.org/wikipedia/commons/thumb/a/a3/R%C3%B6e_g%C3%A5rd_caf%C3%A9_2.jpg/1024px-R%C3%B6e_g%C3%A5rd_caf%C3%A9_2.jpg	0	45.263	19.8365	1
14	Maple Brew House	Maple-infused delights in every cup	https://upload.wikimedia.org/wikipedia/commons/thumb/a/a3/R%C3%B6e_g%C3%A5rd_caf%C3%A9_2.jpg/1024px-R%C3%B6e_g%C3%A5rd_caf%C3%A9_2.jpg	1	45.2567	19.8441	1
15	Riverside Roast	Scenic views and exquisite coffee by the river	https://upload.wikimedia.org/wikipedia/commons/thumb/a/a3/R%C3%B6e_g%C3%A5rd_caf%C3%A9_2.jpg/1024px-R%C3%B6e_g%C3%A5rd_caf%C3%A9_2.jpg	2	45.2619	19.8309	1
17	Sunset Brews	Watch the sunset with a perfect brew in hand	https://upload.wikimedia.org/wikipedia/commons/thumb/a/a3/R%C3%B6e_g%C3%A5rd_caf%C3%A9_2.jpg/1024px-R%C3%B6e_g%C3%A5rd_caf%C3%A9_2.jpg	1	45.2597	19.8432	1
\.


--
-- Data for Name: PublicEntityRequests; Type: TABLE DATA; Schema: tours; Owner: postgres
--

COPY tours."PublicEntityRequests" ("Id", "UserId", "EntityId", "EntityType", "Status", "Comment") FROM stdin;
\.


--
-- Data for Name: PublicKeyPoints; Type: TABLE DATA; Schema: tours; Owner: postgres
--

COPY tours."PublicKeyPoints" ("Id", "Name", "Latitude", "Longitude", "Description", "Image") FROM stdin;
1	City Center	45.2671	19.8335	Start your journey at the heart of the city.	https://wallpapers.com/images/hd/romantic-eiffel-paris-babqqvmcylchhb6i.webp
2	Historical Square	45.2559	19.8442	Visit the iconic square with historical monuments.	https://wallpapers.com/images/hd/pont-neuf-bridge-paris-pplxpwfuefxkceka.webp
3	Summit Viewpoint	45.2671	19.8335	Breathtaking view from the mountain summit.	https://wallpapers.com/images/hd/pont-neuf-bridge-paris-pplxpwfuefxkceka.webp
4	Alpine Lake	45.2559	19.8442	Scenic beauty of an alpine lake.	https://d1whtlypfis84e.cloudfront.net/guides/wp-content/uploads/2019/07/23090714/nature-1024x682.jpeg
5	Sunset Beach	45.2671	19.8335	Enjoy a picturesque sunset by the beach.	https://wallpapers.com/images/hd/cour-carree-the-louvre-palace-paris-ocxqbnmqvchwxgf2.webp
6	Morning Beach	45.2559	19.8442	Enjoy a peaceful morning by the beach.	https://wallpapers.com/images/hd/louvre-museum-pyramid-paris-night-mbv6vrb3q4npkh09.webp
7	Dance Clubs Hub	45.2671	19.8335	Explore the city famous dance clubs.	https://d1whtlypfis84e.cloudfront.net/guides/wp-content/uploads/2019/07/23090714/nature-1024x682.jpeg
8	Street Performances Square	45.2559	19.8442	Enjoy live performances in the bustling square.	https://d1whtlypfis84e.cloudfront.net/guides/wp-content/uploads/2019/07/23090714/nature-1024x682.jpeg
9	Rooftop Bar with a View	45.2671	19.8335	Sip drinks with a stunning view of the city skyline.	https://d1whtlypfis84e.cloudfront.net/guides/wp-content/uploads/2019/07/23090714/nature-1024x682.jpeg
10	Historic Jazz Lounge	45.2559	19.8442	Immerse yourself in the rich history of jazz.	https://wallpapers.com/images/hd/louvre-museum-pyramid-paris-night-mbv6vrb3q4npkh09.webp
11	Canopy Walkway	45.2671	19.8335	Walk high above the jungle on a thrilling canopy walk.	https://wallpapers.com/images/hd/louvre-museum-pyramid-paris-night-mbv6vrb3q4npkh09.webp
12	Waterfall Exploration	45.2559	19.8442	Discover hidden waterfalls deep within the jungle.	https://wallpapers.com/images/hd/louvre-museum-pyramid-paris-night-mbv6vrb3q4npkh09.webp
13	Wildlife Safari	45.2671	19.8335	Spot exotic wildlife during an exciting safari.	https://wallpapers.com/images/hd/louvre-museum-pyramid-paris-night-mbv6vrb3q4npkh09.webp
14	Treehouse Adventure	45.2559	19.8442	Stay in a cozy treehouse nestled in the jungle.	https://wallpapers.com/images/high/paris-las-vegas-paradise-nevada-p3s8ij8jbqjbaf2k.webp
15	Medieval Castle Courtyard	45.2671	19.8335	Step back in time in the courtyard of a medieval castle.	https://wallpapers.com/images/high/paris-las-vegas-paradise-nevada-p3s8ij8jbqjbaf2k.webp
16	Royal Throne Room	45.2559	19.8442	Experience the grandeur of a royal throne room.	https://thumbs.dreamstime.com/b/autumn-nature-landscape-colorful-forest-autumn-nature-landscape-colorful-forest-morning-sunlight-131400332.jpg
17	Castle Ramparts View	45.2671	19.8335	Enjoy panoramic views from the castle ramparts.	https://wallpapers.com/images/high/paris-las-vegas-paradise-nevada-p3s8ij8jbqjbaf2k.webp
18	Secret Underground Tunnels	45.2559	19.8442	Explore the mysterious underground tunnels of the castle.	https://wallpapers.com/images/hd/louvre-museum-pyramid-paris-night-mbv6vrb3q4npkh09.webp
\.


--
-- Data for Name: TourEquipments; Type: TABLE DATA; Schema: tours; Owner: postgres
--

COPY tours."TourEquipments" ("TourId", "EquipmentId", "Id") FROM stdin;
1	1	1
1	2	2
2	3	3
3	4	4
\.


--
-- Data for Name: TourPreference; Type: TABLE DATA; Schema: tours; Owner: postgres
--

COPY tours."TourPreference" ("Id", "UserId", "Difficulty", "TransportType", "Tags") FROM stdin;
1	1	0	0	{beach,relaxation}
2	2	2	1	{history,culture}
3	3	1	1	{city,nightlife}
4	4	3	2	{adventure,nature}
5	5	3	2	{jungle}
6	6	2	0	{mountain}
7	7	1	3	{vacation}
8	8	1	0	{expedition,jungle}
\.


--
-- Data for Name: TourProgresses; Type: TABLE DATA; Schema: tours; Owner: postgres
--

COPY tours."TourProgresses" ("Id", "TouristPositionId", "TourId", "Status", "StartTime", "LastActivity", "CurrentKeyPoint") FROM stdin;
101	1	1	2	2024-01-17 18:26:56.444544+00	2024-01-18 14:11:37.842082+00	2
2	1	2	2	2023-02-02 00:00:00+00	2024-01-17 18:01:31.689526+00	2
1	1	1	2	2023-02-02 00:00:00+00	2024-01-17 18:04:08.838419+00	2
\.


--
-- Data for Name: TourReviews; Type: TABLE DATA; Schema: tours; Owner: postgres
--

COPY tours."TourReviews" ("Id", "Rating", "Comment", "VisitDate", "RatingDate", "ImageLinks", "TourId", "UserId") FROM stdin;
1	5	It was the most interesting tour I have been on.	2023-12-05 00:00:00+00	2024-01-02 16:44:34.669+00	{https://media.istockphoto.com/id/1326102867/photo/woman-crossing-ancient-street-pompeii-italy.jpg?s=612x612&w=0&k=20&c=-Oy4hpuseg9L9HhlQjy1kFg6X8h8e-wlEC7OOnEF9VY=}	1	1
2	3	It was pretty exciting, but at the same time very exhausting.	2023-11-07 00:00:00+00	2024-01-02 16:49:02.824+00	{https://encrypted-tbn0.gstatic.com/images?q=tbn:ANd9GcSjn3D_Zil0EIedo7-yYies6EO1m2txu74yIw&usqp=CAU}	2	1
3	4	It was a bit tiring but other than that, it was perfect!	2023-10-06 00:00:00+00	2024-01-02 16:49:02.824+00	{https://encrypted-tbn0.gstatic.com/images?q=tbn:ANd9GcRBevsnrzuqPJe02Ips8McRYALNvpsGlbfNQlYBeFjSvg&s}	2	2
\.


--
-- Data for Name: TouristEquipment; Type: TABLE DATA; Schema: tours; Owner: postgres
--

COPY tours."TouristEquipment" ("Id", "TouristId", "EquipmentId") FROM stdin;
1	5	1
2	5	2
3	5	3
\.


--
-- Data for Name: TouristPositions; Type: TABLE DATA; Schema: tours; Owner: postgres
--

COPY tours."TouristPositions" ("Id", "UserId", "Latitude", "Longitude", "UpdatedAt") FROM stdin;
2	2	45.2559	19.8442	2023-02-03 00:00:00+00
1	1	45.23101939538948	19.87605408858597	2024-01-18 14:11:51.241216+00
\.


--
-- Data for Name: Tours; Type: TABLE DATA; Schema: tours; Owner: postgres
--

COPY tours."Tours" ("Id", "UserId", "Name", "Description", "Price", "Duration", "Distance", "Difficulty", "TransportType", "Status", "StatusUpdateTime", "Tags") FROM stdin;
1	1	Historical City Tour	Explore the rich history of the city through its landmarks.	1500	15	12	1	1	1	2023-01-16 00:00:00+00	{city,history,culture}
2	2	Mountain Adventure	Experience the thrill of mountain trekking.	2000	20	25	3	2	2	2023-01-16 00:00:00+00	{mountain,adventure,nature}
3	3	Beach Getaway	Relax and unwind on the sandy shores.	1200	10	5	1	3	1	2023-01-16 00:00:00+00	{beach,vacation,relaxation}
4	4	City Nightlife Tour	Experience the vibrant nightlife of the city.	1800	12	8	2	1	1	2023-01-16 00:00:00+00	{nightlife,city,entertainment}
5	5	Jungle Expedition	Embark on an adventure through the dense jungle.	2500	18	30	3	2	1	2023-01-16 00:00:00+00	{jungle,expedition,wildlife}
6	6	Historical Castle Tour	Discover the secrets of ancient castles.	1600	14	10	2	1	1	2023-01-16 00:00:00+00	{castle,history,heritage}
101	17	DemoTura	demo tura party	123	97	8.203866	0	0	0	2024-01-16 18:25:43.837+00	{Gaming}
102	17	end	my	0	\N	\N	1	1	0	2024-01-28 14:22:17.49+00	{}
\.


--
-- Data for Name: __EFMigrationsHistory; Type: TABLE DATA; Schema: tours; Owner: postgres
--

COPY tours."__EFMigrationsHistory" ("MigrationId", "ProductVersion") FROM stdin;
20231110140752_Initial	7.0.5
20231110150613_oji	7.0.5
20231111005022_sdfsdfsfd	7.0.5
20231111005943_aaaaaaaaaaa	7.0.5
20231112130011_aaa	7.0.5
20231112141909_sssssssssssssssssss	7.0.5
20231114154834_kms	7.0.5
20231114170343_yyyyyyyyyyyyyyyyy	7.0.5
20240116172959_mrzimsvojzivot	7.0.5
\.


--
-- Name: BlogStatuses_Id_seq; Type: SEQUENCE SET; Schema: blog; Owner: postgres
--

SELECT pg_catalog.setval('blog."BlogStatuses_Id_seq"', 102, true);


--
-- Name: Blogs_Id_seq; Type: SEQUENCE SET; Schema: blog; Owner: postgres
--

SELECT pg_catalog.setval('blog."Blogs_Id_seq"', 100, true);


--
-- Name: ForumComments_Id_seq; Type: SEQUENCE SET; Schema: blog; Owner: postgres
--

SELECT pg_catalog.setval('blog."ForumComments_Id_seq"', 31, true);


--
-- Name: EncounterCompletions_Id_seq; Type: SEQUENCE SET; Schema: encounters; Owner: postgres
--

SELECT pg_catalog.setval('encounters."EncounterCompletions_Id_seq"', 109, true);


--
-- Name: Encounters_Id_seq; Type: SEQUENCE SET; Schema: encounters; Owner: postgres
--

SELECT pg_catalog.setval('encounters."Encounters_Id_seq"', 111, true);


--
-- Name: KeypointEncounters_Id_seq; Type: SEQUENCE SET; Schema: encounters; Owner: postgres
--

SELECT pg_catalog.setval('encounters."KeypointEncounters_Id_seq"', 100, true);


--
-- Name: BundlePrices_Id_seq; Type: SEQUENCE SET; Schema: payments; Owner: postgres
--

SELECT pg_catalog.setval('payments."BundlePrices_Id_seq"', 100, true);


--
-- Name: Coupons_Id_seq; Type: SEQUENCE SET; Schema: payments; Owner: postgres
--

SELECT pg_catalog.setval('payments."Coupons_Id_seq"', 100, true);


--
-- Name: Discounts_Id_seq; Type: SEQUENCE SET; Schema: payments; Owner: postgres
--

SELECT pg_catalog.setval('payments."Discounts_Id_seq"', 100, true);


--
-- Name: OrderItems_Id_seq; Type: SEQUENCE SET; Schema: payments; Owner: postgres
--

SELECT pg_catalog.setval('payments."OrderItems_Id_seq"', 100, true);


--
-- Name: PaymentRecords_Id_seq; Type: SEQUENCE SET; Schema: payments; Owner: postgres
--

SELECT pg_catalog.setval('payments."PaymentRecords_Id_seq"', 100, true);


--
-- Name: ShoppingCarts_Id_seq; Type: SEQUENCE SET; Schema: payments; Owner: postgres
--

SELECT pg_catalog.setval('payments."ShoppingCarts_Id_seq"', 100, true);


--
-- Name: TourPurchaseTokens_Id_seq; Type: SEQUENCE SET; Schema: payments; Owner: postgres
--

SELECT pg_catalog.setval('payments."TourPurchaseTokens_Id_seq"', 100, true);


--
-- Name: Wallets_Id_seq; Type: SEQUENCE SET; Schema: payments; Owner: postgres
--

SELECT pg_catalog.setval('payments."Wallets_Id_seq"', 100, true);


--
-- Name: WishListItems_Id_seq; Type: SEQUENCE SET; Schema: payments; Owner: postgres
--

SELECT pg_catalog.setval('payments."WishListItems_Id_seq"', 100, true);


--
-- Name: WishLists_Id_seq; Type: SEQUENCE SET; Schema: payments; Owner: postgres
--

SELECT pg_catalog.setval('payments."WishLists_Id_seq"', 100, true);


--
-- Name: Achievements_Id_seq; Type: SEQUENCE SET; Schema: stakeholders; Owner: postgres
--

SELECT pg_catalog.setval('stakeholders."Achievements_Id_seq"', 100, true);


--
-- Name: ApplicationRatings_Id_seq; Type: SEQUENCE SET; Schema: stakeholders; Owner: postgres
--

SELECT pg_catalog.setval('stakeholders."ApplicationRatings_Id_seq"', 100, true);


--
-- Name: ChatMessages_Id_seq; Type: SEQUENCE SET; Schema: stakeholders; Owner: postgres
--

SELECT pg_catalog.setval('stakeholders."ChatMessages_Id_seq"', 107, true);


--
-- Name: ClubChallengeRequests_Id_seq; Type: SEQUENCE SET; Schema: stakeholders; Owner: postgres
--

SELECT pg_catalog.setval('stakeholders."ClubChallengeRequests_Id_seq"', 102, true);


--
-- Name: ClubFights_Id_seq; Type: SEQUENCE SET; Schema: stakeholders; Owner: postgres
--

SELECT pg_catalog.setval('stakeholders."ClubFights_Id_seq"', 100, true);


--
-- Name: ClubInvitations_Id_seq; Type: SEQUENCE SET; Schema: stakeholders; Owner: postgres
--

SELECT pg_catalog.setval('stakeholders."ClubInvitations_Id_seq"', 100, true);


--
-- Name: ClubJoinRequests_Id_seq; Type: SEQUENCE SET; Schema: stakeholders; Owner: postgres
--

SELECT pg_catalog.setval('stakeholders."ClubJoinRequests_Id_seq"', 100, true);


--
-- Name: Clubs_Id_seq; Type: SEQUENCE SET; Schema: stakeholders; Owner: postgres
--

SELECT pg_catalog.setval('stakeholders."Clubs_Id_seq"', 100, true);


--
-- Name: NewsletterPreferences_Id_seq; Type: SEQUENCE SET; Schema: stakeholders; Owner: postgres
--

SELECT pg_catalog.setval('stakeholders."NewsletterPreferences_Id_seq"', 100, true);


--
-- Name: Notifications_Id_seq; Type: SEQUENCE SET; Schema: stakeholders; Owner: postgres
--

SELECT pg_catalog.setval('stakeholders."Notifications_Id_seq"', 107, true);


--
-- Name: People_Id_seq; Type: SEQUENCE SET; Schema: stakeholders; Owner: postgres
--

SELECT pg_catalog.setval('stakeholders."People_Id_seq"', 100, true);


--
-- Name: TourIssueComments_Id_seq; Type: SEQUENCE SET; Schema: stakeholders; Owner: postgres
--

SELECT pg_catalog.setval('stakeholders."TourIssueComments_Id_seq"', 100, true);


--
-- Name: TourIssue_Id_seq; Type: SEQUENCE SET; Schema: stakeholders; Owner: postgres
--

SELECT pg_catalog.setval('stakeholders."TourIssue_Id_seq"', 100, true);


--
-- Name: Users_Id_seq; Type: SEQUENCE SET; Schema: stakeholders; Owner: postgres
--

SELECT pg_catalog.setval('stakeholders."Users_Id_seq"', 100, true);


--
-- Name: Bundle_Id_seq; Type: SEQUENCE SET; Schema: tours; Owner: postgres
--

SELECT pg_catalog.setval('tours."Bundle_Id_seq"', 100, true);


--
-- Name: Equipment_Id_seq; Type: SEQUENCE SET; Schema: tours; Owner: postgres
--

SELECT pg_catalog.setval('tours."Equipment_Id_seq"', 100, true);


--
-- Name: Keypoints_Id_seq; Type: SEQUENCE SET; Schema: tours; Owner: postgres
--

SELECT pg_catalog.setval('tours."Keypoints_Id_seq"', 102, true);


--
-- Name: Objects_Id_seq; Type: SEQUENCE SET; Schema: tours; Owner: postgres
--

SELECT pg_catalog.setval('tours."Objects_Id_seq"', 100, true);


--
-- Name: PublicEntityRequests_Id_seq; Type: SEQUENCE SET; Schema: tours; Owner: postgres
--

SELECT pg_catalog.setval('tours."PublicEntityRequests_Id_seq"', 100, true);


--
-- Name: PublicKeyPoints_Id_seq; Type: SEQUENCE SET; Schema: tours; Owner: postgres
--

SELECT pg_catalog.setval('tours."PublicKeyPoints_Id_seq"', 100, true);


--
-- Name: TourPreference_Id_seq; Type: SEQUENCE SET; Schema: tours; Owner: postgres
--

SELECT pg_catalog.setval('tours."TourPreference_Id_seq"', 100, true);


--
-- Name: TourProgresses_Id_seq; Type: SEQUENCE SET; Schema: tours; Owner: postgres
--

SELECT pg_catalog.setval('tours."TourProgresses_Id_seq"', 101, true);


--
-- Name: TourReviews_Id_seq; Type: SEQUENCE SET; Schema: tours; Owner: postgres
--

SELECT pg_catalog.setval('tours."TourReviews_Id_seq"', 100, true);


--
-- Name: TouristEquipment_Id_seq; Type: SEQUENCE SET; Schema: tours; Owner: postgres
--

SELECT pg_catalog.setval('tours."TouristEquipment_Id_seq"', 100, true);


--
-- Name: TouristPositions_Id_seq; Type: SEQUENCE SET; Schema: tours; Owner: postgres
--

SELECT pg_catalog.setval('tours."TouristPositions_Id_seq"', 100, true);


--
-- Name: Tours_Id_seq; Type: SEQUENCE SET; Schema: tours; Owner: postgres
--

SELECT pg_catalog.setval('tours."Tours_Id_seq"', 102, true);


--
-- Name: BlogComments PK_BlogComments; Type: CONSTRAINT; Schema: blog; Owner: postgres
--

ALTER TABLE ONLY blog."BlogComments"
    ADD CONSTRAINT "PK_BlogComments" PRIMARY KEY ("Id");


--
-- Name: BlogStatuses PK_BlogStatuses; Type: CONSTRAINT; Schema: blog; Owner: postgres
--

ALTER TABLE ONLY blog."BlogStatuses"
    ADD CONSTRAINT "PK_BlogStatuses" PRIMARY KEY ("Id");


--
-- Name: Blogs PK_Blogs; Type: CONSTRAINT; Schema: blog; Owner: postgres
--

ALTER TABLE ONLY blog."Blogs"
    ADD CONSTRAINT "PK_Blogs" PRIMARY KEY ("Id");


--
-- Name: __EFMigrationsHistory PK___EFMigrationsHistory; Type: CONSTRAINT; Schema: blog; Owner: postgres
--

ALTER TABLE ONLY blog."__EFMigrationsHistory"
    ADD CONSTRAINT "PK___EFMigrationsHistory" PRIMARY KEY ("MigrationId");


--
-- Name: EncounterCompletions PK_EncounterCompletions; Type: CONSTRAINT; Schema: encounters; Owner: postgres
--

ALTER TABLE ONLY encounters."EncounterCompletions"
    ADD CONSTRAINT "PK_EncounterCompletions" PRIMARY KEY ("Id");


--
-- Name: Encounters PK_Encounters; Type: CONSTRAINT; Schema: encounters; Owner: postgres
--

ALTER TABLE ONLY encounters."Encounters"
    ADD CONSTRAINT "PK_Encounters" PRIMARY KEY ("Id");


--
-- Name: KeypointEncounters PK_KeypointEncounters; Type: CONSTRAINT; Schema: encounters; Owner: postgres
--

ALTER TABLE ONLY encounters."KeypointEncounters"
    ADD CONSTRAINT "PK_KeypointEncounters" PRIMARY KEY ("Id");


--
-- Name: __EFMigrationsHistory PK___EFMigrationsHistory; Type: CONSTRAINT; Schema: encounters; Owner: postgres
--

ALTER TABLE ONLY encounters."__EFMigrationsHistory"
    ADD CONSTRAINT "PK___EFMigrationsHistory" PRIMARY KEY ("MigrationId");


--
-- Name: BundlePrices PK_BundlePrices; Type: CONSTRAINT; Schema: payments; Owner: postgres
--

ALTER TABLE ONLY payments."BundlePrices"
    ADD CONSTRAINT "PK_BundlePrices" PRIMARY KEY ("Id");


--
-- Name: Coupons PK_Coupons; Type: CONSTRAINT; Schema: payments; Owner: postgres
--

ALTER TABLE ONLY payments."Coupons"
    ADD CONSTRAINT "PK_Coupons" PRIMARY KEY ("Id");


--
-- Name: Discounts PK_Discounts; Type: CONSTRAINT; Schema: payments; Owner: postgres
--

ALTER TABLE ONLY payments."Discounts"
    ADD CONSTRAINT "PK_Discounts" PRIMARY KEY ("Id");


--
-- Name: OrderItems PK_OrderItems; Type: CONSTRAINT; Schema: payments; Owner: postgres
--

ALTER TABLE ONLY payments."OrderItems"
    ADD CONSTRAINT "PK_OrderItems" PRIMARY KEY ("Id");


--
-- Name: PaymentRecords PK_PaymentRecords; Type: CONSTRAINT; Schema: payments; Owner: postgres
--

ALTER TABLE ONLY payments."PaymentRecords"
    ADD CONSTRAINT "PK_PaymentRecords" PRIMARY KEY ("Id");


--
-- Name: ShoppingCarts PK_ShoppingCarts; Type: CONSTRAINT; Schema: payments; Owner: postgres
--

ALTER TABLE ONLY payments."ShoppingCarts"
    ADD CONSTRAINT "PK_ShoppingCarts" PRIMARY KEY ("Id");


--
-- Name: TourDiscounts PK_TourDiscounts; Type: CONSTRAINT; Schema: payments; Owner: postgres
--

ALTER TABLE ONLY payments."TourDiscounts"
    ADD CONSTRAINT "PK_TourDiscounts" PRIMARY KEY ("DiscountId", "TourId");


--
-- Name: TourPurchaseTokens PK_TourPurchaseTokens; Type: CONSTRAINT; Schema: payments; Owner: postgres
--

ALTER TABLE ONLY payments."TourPurchaseTokens"
    ADD CONSTRAINT "PK_TourPurchaseTokens" PRIMARY KEY ("Id");


--
-- Name: Wallets PK_Wallets; Type: CONSTRAINT; Schema: payments; Owner: postgres
--

ALTER TABLE ONLY payments."Wallets"
    ADD CONSTRAINT "PK_Wallets" PRIMARY KEY ("Id");


--
-- Name: WishListItems PK_WishListItems; Type: CONSTRAINT; Schema: payments; Owner: postgres
--

ALTER TABLE ONLY payments."WishListItems"
    ADD CONSTRAINT "PK_WishListItems" PRIMARY KEY ("Id");


--
-- Name: WishLists PK_WishLists; Type: CONSTRAINT; Schema: payments; Owner: postgres
--

ALTER TABLE ONLY payments."WishLists"
    ADD CONSTRAINT "PK_WishLists" PRIMARY KEY ("Id");


--
-- Name: __EFMigrationsHistory PK___EFMigrationsHistory; Type: CONSTRAINT; Schema: payments; Owner: postgres
--

ALTER TABLE ONLY payments."__EFMigrationsHistory"
    ADD CONSTRAINT "PK___EFMigrationsHistory" PRIMARY KEY ("MigrationId");


--
-- Name: AchievementClub PK_AchievementClub; Type: CONSTRAINT; Schema: stakeholders; Owner: postgres
--

ALTER TABLE ONLY stakeholders."AchievementClub"
    ADD CONSTRAINT "PK_AchievementClub" PRIMARY KEY ("AchievementsId", "ClubId");


--
-- Name: Achievements PK_Achievements; Type: CONSTRAINT; Schema: stakeholders; Owner: postgres
--

ALTER TABLE ONLY stakeholders."Achievements"
    ADD CONSTRAINT "PK_Achievements" PRIMARY KEY ("Id");


--
-- Name: ApplicationRatings PK_ApplicationRatings; Type: CONSTRAINT; Schema: stakeholders; Owner: postgres
--

ALTER TABLE ONLY stakeholders."ApplicationRatings"
    ADD CONSTRAINT "PK_ApplicationRatings" PRIMARY KEY ("Id");


--
-- Name: ChatMessages PK_ChatMessages; Type: CONSTRAINT; Schema: stakeholders; Owner: postgres
--

ALTER TABLE ONLY stakeholders."ChatMessages"
    ADD CONSTRAINT "PK_ChatMessages" PRIMARY KEY ("Id");


--
-- Name: ClubChallengeRequests PK_ClubChallengeRequests; Type: CONSTRAINT; Schema: stakeholders; Owner: postgres
--

ALTER TABLE ONLY stakeholders."ClubChallengeRequests"
    ADD CONSTRAINT "PK_ClubChallengeRequests" PRIMARY KEY ("Id");


--
-- Name: ClubFights PK_ClubFights; Type: CONSTRAINT; Schema: stakeholders; Owner: postgres
--

ALTER TABLE ONLY stakeholders."ClubFights"
    ADD CONSTRAINT "PK_ClubFights" PRIMARY KEY ("Id");


--
-- Name: ClubInvitations PK_ClubInvitations; Type: CONSTRAINT; Schema: stakeholders; Owner: postgres
--

ALTER TABLE ONLY stakeholders."ClubInvitations"
    ADD CONSTRAINT "PK_ClubInvitations" PRIMARY KEY ("Id");


--
-- Name: ClubJoinRequests PK_ClubJoinRequests; Type: CONSTRAINT; Schema: stakeholders; Owner: postgres
--

ALTER TABLE ONLY stakeholders."ClubJoinRequests"
    ADD CONSTRAINT "PK_ClubJoinRequests" PRIMARY KEY ("Id");


--
-- Name: Clubs PK_Clubs; Type: CONSTRAINT; Schema: stakeholders; Owner: postgres
--

ALTER TABLE ONLY stakeholders."Clubs"
    ADD CONSTRAINT "PK_Clubs" PRIMARY KEY ("Id");


--
-- Name: NewsletterPreferences PK_NewsletterPreferences; Type: CONSTRAINT; Schema: stakeholders; Owner: postgres
--

ALTER TABLE ONLY stakeholders."NewsletterPreferences"
    ADD CONSTRAINT "PK_NewsletterPreferences" PRIMARY KEY ("Id");


--
-- Name: Notifications PK_Notifications; Type: CONSTRAINT; Schema: stakeholders; Owner: postgres
--

ALTER TABLE ONLY stakeholders."Notifications"
    ADD CONSTRAINT "PK_Notifications" PRIMARY KEY ("Id");


--
-- Name: People PK_People; Type: CONSTRAINT; Schema: stakeholders; Owner: postgres
--

ALTER TABLE ONLY stakeholders."People"
    ADD CONSTRAINT "PK_People" PRIMARY KEY ("Id");


--
-- Name: PersonPerson PK_PersonPerson; Type: CONSTRAINT; Schema: stakeholders; Owner: postgres
--

ALTER TABLE ONLY stakeholders."PersonPerson"
    ADD CONSTRAINT "PK_PersonPerson" PRIMARY KEY ("FollowersId", "FollowingId");


--
-- Name: TourIssue PK_TourIssue; Type: CONSTRAINT; Schema: stakeholders; Owner: postgres
--

ALTER TABLE ONLY stakeholders."TourIssue"
    ADD CONSTRAINT "PK_TourIssue" PRIMARY KEY ("Id");


--
-- Name: TourIssueComments PK_TourIssueComments; Type: CONSTRAINT; Schema: stakeholders; Owner: postgres
--

ALTER TABLE ONLY stakeholders."TourIssueComments"
    ADD CONSTRAINT "PK_TourIssueComments" PRIMARY KEY ("Id");


--
-- Name: Users PK_Users; Type: CONSTRAINT; Schema: stakeholders; Owner: postgres
--

ALTER TABLE ONLY stakeholders."Users"
    ADD CONSTRAINT "PK_Users" PRIMARY KEY ("Id");


--
-- Name: __EFMigrationsHistory PK___EFMigrationsHistory; Type: CONSTRAINT; Schema: stakeholders; Owner: postgres
--

ALTER TABLE ONLY stakeholders."__EFMigrationsHistory"
    ADD CONSTRAINT "PK___EFMigrationsHistory" PRIMARY KEY ("MigrationId");


--
-- Name: Bundle PK_Bundle; Type: CONSTRAINT; Schema: tours; Owner: postgres
--

ALTER TABLE ONLY tours."Bundle"
    ADD CONSTRAINT "PK_Bundle" PRIMARY KEY ("Id");


--
-- Name: BundleTour PK_BundleTour; Type: CONSTRAINT; Schema: tours; Owner: postgres
--

ALTER TABLE ONLY tours."BundleTour"
    ADD CONSTRAINT "PK_BundleTour" PRIMARY KEY ("BundlesId", "ToursId");


--
-- Name: Equipment PK_Equipment; Type: CONSTRAINT; Schema: tours; Owner: postgres
--

ALTER TABLE ONLY tours."Equipment"
    ADD CONSTRAINT "PK_Equipment" PRIMARY KEY ("Id");


--
-- Name: Keypoints PK_Keypoints; Type: CONSTRAINT; Schema: tours; Owner: postgres
--

ALTER TABLE ONLY tours."Keypoints"
    ADD CONSTRAINT "PK_Keypoints" PRIMARY KEY ("Id");


--
-- Name: Objects PK_Objects; Type: CONSTRAINT; Schema: tours; Owner: postgres
--

ALTER TABLE ONLY tours."Objects"
    ADD CONSTRAINT "PK_Objects" PRIMARY KEY ("Id");


--
-- Name: PublicEntityRequests PK_PublicEntityRequests; Type: CONSTRAINT; Schema: tours; Owner: postgres
--

ALTER TABLE ONLY tours."PublicEntityRequests"
    ADD CONSTRAINT "PK_PublicEntityRequests" PRIMARY KEY ("Id");


--
-- Name: PublicKeyPoints PK_PublicKeyPoints; Type: CONSTRAINT; Schema: tours; Owner: postgres
--

ALTER TABLE ONLY tours."PublicKeyPoints"
    ADD CONSTRAINT "PK_PublicKeyPoints" PRIMARY KEY ("Id");


--
-- Name: TourEquipments PK_TourEquipments; Type: CONSTRAINT; Schema: tours; Owner: postgres
--

ALTER TABLE ONLY tours."TourEquipments"
    ADD CONSTRAINT "PK_TourEquipments" PRIMARY KEY ("TourId", "EquipmentId");


--
-- Name: TourPreference PK_TourPreference; Type: CONSTRAINT; Schema: tours; Owner: postgres
--

ALTER TABLE ONLY tours."TourPreference"
    ADD CONSTRAINT "PK_TourPreference" PRIMARY KEY ("Id");


--
-- Name: TourProgresses PK_TourProgresses; Type: CONSTRAINT; Schema: tours; Owner: postgres
--

ALTER TABLE ONLY tours."TourProgresses"
    ADD CONSTRAINT "PK_TourProgresses" PRIMARY KEY ("Id");


--
-- Name: TourReviews PK_TourReviews; Type: CONSTRAINT; Schema: tours; Owner: postgres
--

ALTER TABLE ONLY tours."TourReviews"
    ADD CONSTRAINT "PK_TourReviews" PRIMARY KEY ("Id");


--
-- Name: TouristEquipment PK_TouristEquipment; Type: CONSTRAINT; Schema: tours; Owner: postgres
--

ALTER TABLE ONLY tours."TouristEquipment"
    ADD CONSTRAINT "PK_TouristEquipment" PRIMARY KEY ("Id");


--
-- Name: TouristPositions PK_TouristPositions; Type: CONSTRAINT; Schema: tours; Owner: postgres
--

ALTER TABLE ONLY tours."TouristPositions"
    ADD CONSTRAINT "PK_TouristPositions" PRIMARY KEY ("Id");


--
-- Name: Tours PK_Tours; Type: CONSTRAINT; Schema: tours; Owner: postgres
--

ALTER TABLE ONLY tours."Tours"
    ADD CONSTRAINT "PK_Tours" PRIMARY KEY ("Id");


--
-- Name: __EFMigrationsHistory PK___EFMigrationsHistory; Type: CONSTRAINT; Schema: tours; Owner: postgres
--

ALTER TABLE ONLY tours."__EFMigrationsHistory"
    ADD CONSTRAINT "PK___EFMigrationsHistory" PRIMARY KEY ("MigrationId");


--
-- Name: IX_BlogStatuses_BlogId; Type: INDEX; Schema: blog; Owner: postgres
--

CREATE INDEX "IX_BlogStatuses_BlogId" ON blog."BlogStatuses" USING btree ("BlogId");


--
-- Name: IX_EncounterCompletions_EncounterId; Type: INDEX; Schema: encounters; Owner: postgres
--

CREATE INDEX "IX_EncounterCompletions_EncounterId" ON encounters."EncounterCompletions" USING btree ("EncounterId");


--
-- Name: IX_KeypointEncounters_EncounterId; Type: INDEX; Schema: encounters; Owner: postgres
--

CREATE UNIQUE INDEX "IX_KeypointEncounters_EncounterId" ON encounters."KeypointEncounters" USING btree ("EncounterId");


--
-- Name: IX_AchievementClub_ClubId; Type: INDEX; Schema: stakeholders; Owner: postgres
--

CREATE INDEX "IX_AchievementClub_ClubId" ON stakeholders."AchievementClub" USING btree ("ClubId");


--
-- Name: IX_ChatMessages_ReceiverId; Type: INDEX; Schema: stakeholders; Owner: postgres
--

CREATE INDEX "IX_ChatMessages_ReceiverId" ON stakeholders."ChatMessages" USING btree ("ReceiverId");


--
-- Name: IX_ChatMessages_SenderId; Type: INDEX; Schema: stakeholders; Owner: postgres
--

CREATE INDEX "IX_ChatMessages_SenderId" ON stakeholders."ChatMessages" USING btree ("SenderId");


--
-- Name: IX_ClubChallengeRequests_ChallengedId; Type: INDEX; Schema: stakeholders; Owner: postgres
--

CREATE INDEX "IX_ClubChallengeRequests_ChallengedId" ON stakeholders."ClubChallengeRequests" USING btree ("ChallengedId");


--
-- Name: IX_ClubChallengeRequests_ChallengerId; Type: INDEX; Schema: stakeholders; Owner: postgres
--

CREATE INDEX "IX_ClubChallengeRequests_ChallengerId" ON stakeholders."ClubChallengeRequests" USING btree ("ChallengerId");


--
-- Name: IX_ClubFights_Club1Id; Type: INDEX; Schema: stakeholders; Owner: postgres
--

CREATE INDEX "IX_ClubFights_Club1Id" ON stakeholders."ClubFights" USING btree ("Club1Id");


--
-- Name: IX_ClubFights_Club2Id; Type: INDEX; Schema: stakeholders; Owner: postgres
--

CREATE INDEX "IX_ClubFights_Club2Id" ON stakeholders."ClubFights" USING btree ("Club2Id");


--
-- Name: IX_Clubs_OwnerId; Type: INDEX; Schema: stakeholders; Owner: postgres
--

CREATE INDEX "IX_Clubs_OwnerId" ON stakeholders."Clubs" USING btree ("OwnerId");


--
-- Name: IX_NewsletterPreferences_UserID; Type: INDEX; Schema: stakeholders; Owner: postgres
--

CREATE UNIQUE INDEX "IX_NewsletterPreferences_UserID" ON stakeholders."NewsletterPreferences" USING btree ("UserID");


--
-- Name: IX_People_ClubId; Type: INDEX; Schema: stakeholders; Owner: postgres
--

CREATE INDEX "IX_People_ClubId" ON stakeholders."People" USING btree ("ClubId");


--
-- Name: IX_People_UserId; Type: INDEX; Schema: stakeholders; Owner: postgres
--

CREATE UNIQUE INDEX "IX_People_UserId" ON stakeholders."People" USING btree ("UserId");


--
-- Name: IX_PersonPerson_FollowingId; Type: INDEX; Schema: stakeholders; Owner: postgres
--

CREATE INDEX "IX_PersonPerson_FollowingId" ON stakeholders."PersonPerson" USING btree ("FollowingId");


--
-- Name: IX_TourIssueComments_TourIssueId; Type: INDEX; Schema: stakeholders; Owner: postgres
--

CREATE INDEX "IX_TourIssueComments_TourIssueId" ON stakeholders."TourIssueComments" USING btree ("TourIssueId");


--
-- Name: IX_TourIssueComments_UserId; Type: INDEX; Schema: stakeholders; Owner: postgres
--

CREATE INDEX "IX_TourIssueComments_UserId" ON stakeholders."TourIssueComments" USING btree ("UserId");


--
-- Name: IX_TourIssue_UserId; Type: INDEX; Schema: stakeholders; Owner: postgres
--

CREATE INDEX "IX_TourIssue_UserId" ON stakeholders."TourIssue" USING btree ("UserId");


--
-- Name: IX_Users_Username; Type: INDEX; Schema: stakeholders; Owner: postgres
--

CREATE UNIQUE INDEX "IX_Users_Username" ON stakeholders."Users" USING btree ("Username");


--
-- Name: IX_BundleTour_ToursId; Type: INDEX; Schema: tours; Owner: postgres
--

CREATE INDEX "IX_BundleTour_ToursId" ON tours."BundleTour" USING btree ("ToursId");


--
-- Name: IX_Keypoints_TourId; Type: INDEX; Schema: tours; Owner: postgres
--

CREATE INDEX "IX_Keypoints_TourId" ON tours."Keypoints" USING btree ("TourId");


--
-- Name: IX_TourEquipments_EquipmentId; Type: INDEX; Schema: tours; Owner: postgres
--

CREATE INDEX "IX_TourEquipments_EquipmentId" ON tours."TourEquipments" USING btree ("EquipmentId");


--
-- Name: IX_TourProgresses_TourId; Type: INDEX; Schema: tours; Owner: postgres
--

CREATE INDEX "IX_TourProgresses_TourId" ON tours."TourProgresses" USING btree ("TourId");


--
-- Name: IX_TourProgresses_TouristPositionId; Type: INDEX; Schema: tours; Owner: postgres
--

CREATE INDEX "IX_TourProgresses_TouristPositionId" ON tours."TourProgresses" USING btree ("TouristPositionId");


--
-- Name: IX_TourReviews_TourId; Type: INDEX; Schema: tours; Owner: postgres
--

CREATE INDEX "IX_TourReviews_TourId" ON tours."TourReviews" USING btree ("TourId");


--
-- Name: BlogStatuses FK_BlogStatuses_Blogs_BlogId; Type: FK CONSTRAINT; Schema: blog; Owner: postgres
--

ALTER TABLE ONLY blog."BlogStatuses"
    ADD CONSTRAINT "FK_BlogStatuses_Blogs_BlogId" FOREIGN KEY ("BlogId") REFERENCES blog."Blogs"("Id") ON DELETE CASCADE;


--
-- Name: EncounterCompletions FK_EncounterCompletions_Encounters_EncounterId; Type: FK CONSTRAINT; Schema: encounters; Owner: postgres
--

ALTER TABLE ONLY encounters."EncounterCompletions"
    ADD CONSTRAINT "FK_EncounterCompletions_Encounters_EncounterId" FOREIGN KEY ("EncounterId") REFERENCES encounters."Encounters"("Id") ON DELETE CASCADE;


--
-- Name: KeypointEncounters FK_KeypointEncounters_Encounters_EncounterId; Type: FK CONSTRAINT; Schema: encounters; Owner: postgres
--

ALTER TABLE ONLY encounters."KeypointEncounters"
    ADD CONSTRAINT "FK_KeypointEncounters_Encounters_EncounterId" FOREIGN KEY ("EncounterId") REFERENCES encounters."Encounters"("Id") ON DELETE CASCADE;


--
-- Name: TourDiscounts FK_TourDiscounts_Discounts_DiscountId; Type: FK CONSTRAINT; Schema: payments; Owner: postgres
--

ALTER TABLE ONLY payments."TourDiscounts"
    ADD CONSTRAINT "FK_TourDiscounts_Discounts_DiscountId" FOREIGN KEY ("DiscountId") REFERENCES payments."Discounts"("Id") ON DELETE CASCADE;


--
-- Name: AchievementClub FK_AchievementClub_Achievements_AchievementsId; Type: FK CONSTRAINT; Schema: stakeholders; Owner: postgres
--

ALTER TABLE ONLY stakeholders."AchievementClub"
    ADD CONSTRAINT "FK_AchievementClub_Achievements_AchievementsId" FOREIGN KEY ("AchievementsId") REFERENCES stakeholders."Achievements"("Id") ON DELETE CASCADE;


--
-- Name: AchievementClub FK_AchievementClub_Clubs_ClubId; Type: FK CONSTRAINT; Schema: stakeholders; Owner: postgres
--

ALTER TABLE ONLY stakeholders."AchievementClub"
    ADD CONSTRAINT "FK_AchievementClub_Clubs_ClubId" FOREIGN KEY ("ClubId") REFERENCES stakeholders."Clubs"("Id") ON DELETE CASCADE;


--
-- Name: ChatMessages FK_ChatMessages_People_ReceiverId; Type: FK CONSTRAINT; Schema: stakeholders; Owner: postgres
--

ALTER TABLE ONLY stakeholders."ChatMessages"
    ADD CONSTRAINT "FK_ChatMessages_People_ReceiverId" FOREIGN KEY ("ReceiverId") REFERENCES stakeholders."People"("Id") ON DELETE CASCADE;


--
-- Name: ChatMessages FK_ChatMessages_People_SenderId; Type: FK CONSTRAINT; Schema: stakeholders; Owner: postgres
--

ALTER TABLE ONLY stakeholders."ChatMessages"
    ADD CONSTRAINT "FK_ChatMessages_People_SenderId" FOREIGN KEY ("SenderId") REFERENCES stakeholders."People"("Id") ON DELETE CASCADE;


--
-- Name: ClubChallengeRequests FK_ClubChallengeRequests_Clubs_ChallengedId; Type: FK CONSTRAINT; Schema: stakeholders; Owner: postgres
--

ALTER TABLE ONLY stakeholders."ClubChallengeRequests"
    ADD CONSTRAINT "FK_ClubChallengeRequests_Clubs_ChallengedId" FOREIGN KEY ("ChallengedId") REFERENCES stakeholders."Clubs"("Id") ON DELETE CASCADE;


--
-- Name: ClubChallengeRequests FK_ClubChallengeRequests_Clubs_ChallengerId; Type: FK CONSTRAINT; Schema: stakeholders; Owner: postgres
--

ALTER TABLE ONLY stakeholders."ClubChallengeRequests"
    ADD CONSTRAINT "FK_ClubChallengeRequests_Clubs_ChallengerId" FOREIGN KEY ("ChallengerId") REFERENCES stakeholders."Clubs"("Id") ON DELETE CASCADE;


--
-- Name: ClubFights FK_ClubFights_Clubs_Club1Id; Type: FK CONSTRAINT; Schema: stakeholders; Owner: postgres
--

ALTER TABLE ONLY stakeholders."ClubFights"
    ADD CONSTRAINT "FK_ClubFights_Clubs_Club1Id" FOREIGN KEY ("Club1Id") REFERENCES stakeholders."Clubs"("Id") ON DELETE CASCADE;


--
-- Name: ClubFights FK_ClubFights_Clubs_Club2Id; Type: FK CONSTRAINT; Schema: stakeholders; Owner: postgres
--

ALTER TABLE ONLY stakeholders."ClubFights"
    ADD CONSTRAINT "FK_ClubFights_Clubs_Club2Id" FOREIGN KEY ("Club2Id") REFERENCES stakeholders."Clubs"("Id") ON DELETE CASCADE;


--
-- Name: Clubs FK_Clubs_People_OwnerId; Type: FK CONSTRAINT; Schema: stakeholders; Owner: postgres
--

ALTER TABLE ONLY stakeholders."Clubs"
    ADD CONSTRAINT "FK_Clubs_People_OwnerId" FOREIGN KEY ("OwnerId") REFERENCES stakeholders."People"("Id") ON DELETE CASCADE;


--
-- Name: NewsletterPreferences FK_NewsletterPreferences_Users_UserID; Type: FK CONSTRAINT; Schema: stakeholders; Owner: postgres
--

ALTER TABLE ONLY stakeholders."NewsletterPreferences"
    ADD CONSTRAINT "FK_NewsletterPreferences_Users_UserID" FOREIGN KEY ("UserID") REFERENCES stakeholders."Users"("Id") ON DELETE CASCADE;


--
-- Name: People FK_People_Clubs_ClubId; Type: FK CONSTRAINT; Schema: stakeholders; Owner: postgres
--

ALTER TABLE ONLY stakeholders."People"
    ADD CONSTRAINT "FK_People_Clubs_ClubId" FOREIGN KEY ("ClubId") REFERENCES stakeholders."Clubs"("Id") ON DELETE SET NULL;


--
-- Name: People FK_People_Users_UserId; Type: FK CONSTRAINT; Schema: stakeholders; Owner: postgres
--

ALTER TABLE ONLY stakeholders."People"
    ADD CONSTRAINT "FK_People_Users_UserId" FOREIGN KEY ("UserId") REFERENCES stakeholders."Users"("Id") ON DELETE CASCADE;


--
-- Name: PersonPerson FK_PersonPerson_People_FollowersId; Type: FK CONSTRAINT; Schema: stakeholders; Owner: postgres
--

ALTER TABLE ONLY stakeholders."PersonPerson"
    ADD CONSTRAINT "FK_PersonPerson_People_FollowersId" FOREIGN KEY ("FollowersId") REFERENCES stakeholders."People"("Id") ON DELETE CASCADE;


--
-- Name: PersonPerson FK_PersonPerson_People_FollowingId; Type: FK CONSTRAINT; Schema: stakeholders; Owner: postgres
--

ALTER TABLE ONLY stakeholders."PersonPerson"
    ADD CONSTRAINT "FK_PersonPerson_People_FollowingId" FOREIGN KEY ("FollowingId") REFERENCES stakeholders."People"("Id") ON DELETE CASCADE;


--
-- Name: TourIssueComments FK_TourIssueComments_TourIssue_TourIssueId; Type: FK CONSTRAINT; Schema: stakeholders; Owner: postgres
--

ALTER TABLE ONLY stakeholders."TourIssueComments"
    ADD CONSTRAINT "FK_TourIssueComments_TourIssue_TourIssueId" FOREIGN KEY ("TourIssueId") REFERENCES stakeholders."TourIssue"("Id") ON DELETE CASCADE;


--
-- Name: TourIssueComments FK_TourIssueComments_Users_UserId; Type: FK CONSTRAINT; Schema: stakeholders; Owner: postgres
--

ALTER TABLE ONLY stakeholders."TourIssueComments"
    ADD CONSTRAINT "FK_TourIssueComments_Users_UserId" FOREIGN KEY ("UserId") REFERENCES stakeholders."Users"("Id") ON DELETE CASCADE;


--
-- Name: TourIssue FK_TourIssue_Users_UserId; Type: FK CONSTRAINT; Schema: stakeholders; Owner: postgres
--

ALTER TABLE ONLY stakeholders."TourIssue"
    ADD CONSTRAINT "FK_TourIssue_Users_UserId" FOREIGN KEY ("UserId") REFERENCES stakeholders."Users"("Id") ON DELETE CASCADE;


--
-- Name: BundleTour FK_BundleTour_Bundle_BundlesId; Type: FK CONSTRAINT; Schema: tours; Owner: postgres
--

ALTER TABLE ONLY tours."BundleTour"
    ADD CONSTRAINT "FK_BundleTour_Bundle_BundlesId" FOREIGN KEY ("BundlesId") REFERENCES tours."Bundle"("Id") ON DELETE CASCADE;


--
-- Name: BundleTour FK_BundleTour_Tours_ToursId; Type: FK CONSTRAINT; Schema: tours; Owner: postgres
--

ALTER TABLE ONLY tours."BundleTour"
    ADD CONSTRAINT "FK_BundleTour_Tours_ToursId" FOREIGN KEY ("ToursId") REFERENCES tours."Tours"("Id") ON DELETE CASCADE;


--
-- Name: Keypoints FK_Keypoints_Tours_TourId; Type: FK CONSTRAINT; Schema: tours; Owner: postgres
--

ALTER TABLE ONLY tours."Keypoints"
    ADD CONSTRAINT "FK_Keypoints_Tours_TourId" FOREIGN KEY ("TourId") REFERENCES tours."Tours"("Id") ON DELETE CASCADE;


--
-- Name: TourEquipments FK_TourEquipments_Equipment_EquipmentId; Type: FK CONSTRAINT; Schema: tours; Owner: postgres
--

ALTER TABLE ONLY tours."TourEquipments"
    ADD CONSTRAINT "FK_TourEquipments_Equipment_EquipmentId" FOREIGN KEY ("EquipmentId") REFERENCES tours."Equipment"("Id") ON DELETE CASCADE;


--
-- Name: TourEquipments FK_TourEquipments_Tours_TourId; Type: FK CONSTRAINT; Schema: tours; Owner: postgres
--

ALTER TABLE ONLY tours."TourEquipments"
    ADD CONSTRAINT "FK_TourEquipments_Tours_TourId" FOREIGN KEY ("TourId") REFERENCES tours."Tours"("Id") ON DELETE CASCADE;


--
-- Name: TourProgresses FK_TourProgresses_TouristPositions_TouristPositionId; Type: FK CONSTRAINT; Schema: tours; Owner: postgres
--

ALTER TABLE ONLY tours."TourProgresses"
    ADD CONSTRAINT "FK_TourProgresses_TouristPositions_TouristPositionId" FOREIGN KEY ("TouristPositionId") REFERENCES tours."TouristPositions"("Id") ON DELETE CASCADE;


--
-- Name: TourProgresses FK_TourProgresses_Tours_TourId; Type: FK CONSTRAINT; Schema: tours; Owner: postgres
--

ALTER TABLE ONLY tours."TourProgresses"
    ADD CONSTRAINT "FK_TourProgresses_Tours_TourId" FOREIGN KEY ("TourId") REFERENCES tours."Tours"("Id") ON DELETE CASCADE;


--
-- Name: TourReviews FK_TourReviews_Tours_TourId; Type: FK CONSTRAINT; Schema: tours; Owner: postgres
--

ALTER TABLE ONLY tours."TourReviews"
    ADD CONSTRAINT "FK_TourReviews_Tours_TourId" FOREIGN KEY ("TourId") REFERENCES tours."Tours"("Id") ON DELETE CASCADE;


--
-- PostgreSQL database dump complete
--

